original_text,cleaned_text,label,label_name
URGENT! You have won a 1000 cash prize or a free iPhone! Call 09061701461 now to claim your reward. Claim code: TXT54. Valid 12 hours only!,urgent you have won a cash prize or a free iphone call now to claim your reward claim code txt valid hours only,1,Spam
WINNER! As a valued network customer you have been selected to receive a £900 gift voucher. Reply WIN to 87077 immediately!,winner as a valued network customer you have been selected to receive a gift voucher reply win to immediately,1,Spam
FREE ENTRY into our £250 weekly lottery draw! Text CHOICE to 85023 to enter. Terms and conditions apply. 16+,free entry into our weekly lottery draw text choice to to enter terms and conditions apply,1,Spam
CONGRATULATIONS! You have been awarded a free holiday to Spain. Call 08712400603 now to book your flights. T&C Apply.,congratulations you have been awarded a free holiday to spain call now to book your flights t c apply,1,Spam
PRIVATE! Your loan of £5000 is pre-approved! No credit check required. Click http://free-cash-now.com to receive funds today.,private your loan of is pre approved no credit check required click to receive funds today,1,Spam
ALERT: Your bank account has been temporarily locked. Verify your credentials immediately at http://secure-bank-login-verify.com to avoid suspension.,alert your bank account has been temporarily locked verify your credentials immediately at to avoid suspension,1,Spam
Hot singles in your area want to meet you! Reply YES to 69696 to chat now. £1.50 per msg.,hot singles in your area want to meet you reply yes to to chat now per msg,1,Spam
CLAIM NOW: You have 1 unread urgent notification regarding your unclaimed tax refund of £450. Click link to deposit.,claim now you have unread urgent notification regarding your unclaimed tax refund of click link to deposit,1,Spam
Double your money in 24 hours with crypto trading bot! Guaranteed 100% daily return. Join Telegram group t.me/fastcrypto,double your money in hours with crypto trading bot guaranteed daily return join telegram group t me fastcrypto,1,Spam
Final warning! Your package delivery failed due to unpaid shipping fee of $2.99. Pay now at http://postal-redelivery-notice.com,final warning your package delivery failed due to unpaid shipping fee of pay now at,1,Spam
URGENT! You have won a 1000 cash prize or a free iPhone! Call 09061701461 now to claim your reward. Claim code: TXT54. Valid 12 hours only!,urgent you have won a cash prize or a free iphone call now to claim your reward claim code txt valid hours only,1,Spam
WINNER! As a valued network customer you have been selected to receive a £900 gift voucher. Reply WIN to 87077 immediately!,winner as a valued network customer you have been selected to receive a gift voucher reply win to immediately,1,Spam
FREE ENTRY into our £250 weekly lottery draw! Text CHOICE to 85023 to enter. Terms and conditions apply. 16+,free entry into our weekly lottery draw text choice to to enter terms and conditions apply,1,Spam
CONGRATULATIONS! You have been awarded a free holiday to Spain. Call 08712400603 now to book your flights. T&C Apply.,congratulations you have been awarded a free holiday to spain call now to book your flights t c apply,1,Spam
PRIVATE! Your loan of £5000 is pre-approved! No credit check required. Click http://free-cash-now.com to receive funds today.,private your loan of is pre approved no credit check required click to receive funds today,1,Spam
ALERT: Your bank account has been temporarily locked. Verify your credentials immediately at http://secure-bank-login-verify.com to avoid suspension.,alert your bank account has been temporarily locked verify your credentials immediately at to avoid suspension,1,Spam
Hot singles in your area want to meet you! Reply YES to 69696 to chat now. £1.50 per msg.,hot singles in your area want to meet you reply yes to to chat now per msg,1,Spam
CLAIM NOW: You have 1 unread urgent notification regarding your unclaimed tax refund of £450. Click link to deposit.,claim now you have unread urgent notification regarding your unclaimed tax refund of click link to deposit,1,Spam
Double your money in 24 hours with crypto trading bot! Guaranteed 100% daily return. Join Telegram group t.me/fastcrypto,double your money in hours with crypto trading bot guaranteed daily return join telegram group t me fastcrypto,1,Spam
Final warning! Your package delivery failed due to unpaid shipping fee of $2.99. Pay now at http://postal-redelivery-notice.com,final warning your package delivery failed due to unpaid shipping fee of pay now at,1,Spam
URGENT! You have won a 1000 cash prize or a free iPhone! Call 09061701461 now to claim your reward. Claim code: TXT54. Valid 12 hours only!,urgent you have won a cash prize or a free iphone call now to claim your reward claim code txt valid hours only,1,Spam
WINNER! As a valued network customer you have been selected to receive a £900 gift voucher. Reply WIN to 87077 immediately!,winner as a valued network customer you have been selected to receive a gift voucher reply win to immediately,1,Spam
FREE ENTRY into our £250 weekly lottery draw! Text CHOICE to 85023 to enter. Terms and conditions apply. 16+,free entry into our weekly lottery draw text choice to to enter terms and conditions apply,1,Spam
CONGRATULATIONS! You have been awarded a free holiday to Spain. Call 08712400603 now to book your flights. T&C Apply.,congratulations you have been awarded a free holiday to spain call now to book your flights t c apply,1,Spam
PRIVATE! Your loan of £5000 is pre-approved! No credit check required. Click http://free-cash-now.com to receive funds today.,private your loan of is pre approved no credit check required click to receive funds today,1,Spam
ALERT: Your bank account has been temporarily locked. Verify your credentials immediately at http://secure-bank-login-verify.com to avoid suspension.,alert your bank account has been temporarily locked verify your credentials immediately at to avoid suspension,1,Spam
Hot singles in your area want to meet you! Reply YES to 69696 to chat now. £1.50 per msg.,hot singles in your area want to meet you reply yes to to chat now per msg,1,Spam
CLAIM NOW: You have 1 unread urgent notification regarding your unclaimed tax refund of £450. Click link to deposit.,claim now you have unread urgent notification regarding your unclaimed tax refund of click link to deposit,1,Spam
Double your money in 24 hours with crypto trading bot! Guaranteed 100% daily return. Join Telegram group t.me/fastcrypto,double your money in hours with crypto trading bot guaranteed daily return join telegram group t me fastcrypto,1,Spam
Final warning! Your package delivery failed due to unpaid shipping fee of $2.99. Pay now at http://postal-redelivery-notice.com,final warning your package delivery failed due to unpaid shipping fee of pay now at,1,Spam
URGENT! You have won a 1000 cash prize or a free iPhone! Call 09061701461 now to claim your reward. Claim code: TXT54. Valid 12 hours only!,urgent you have won a cash prize or a free iphone call now to claim your reward claim code txt valid hours only,1,Spam
WINNER! As a valued network customer you have been selected to receive a £900 gift voucher. Reply WIN to 87077 immediately!,winner as a valued network customer you have been selected to receive a gift voucher reply win to immediately,1,Spam
FREE ENTRY into our £250 weekly lottery draw! Text CHOICE to 85023 to enter. Terms and conditions apply. 16+,free entry into our weekly lottery draw text choice to to enter terms and conditions apply,1,Spam
CONGRATULATIONS! You have been awarded a free holiday to Spain. Call 08712400603 now to book your flights. T&C Apply.,congratulations you have been awarded a free holiday to spain call now to book your flights t c apply,1,Spam
PRIVATE! Your loan of £5000 is pre-approved! No credit check required. Click http://free-cash-now.com to receive funds today.,private your loan of is pre approved no credit check required click to receive funds today,1,Spam
ALERT: Your bank account has been temporarily locked. Verify your credentials immediately at http://secure-bank-login-verify.com to avoid suspension.,alert your bank account has been temporarily locked verify your credentials immediately at to avoid suspension,1,Spam
Hot singles in your area want to meet you! Reply YES to 69696 to chat now. £1.50 per msg.,hot singles in your area want to meet you reply yes to to chat now per msg,1,Spam
CLAIM NOW: You have 1 unread urgent notification regarding your unclaimed tax refund of £450. Click link to deposit.,claim now you have unread urgent notification regarding your unclaimed tax refund of click link to deposit,1,Spam
Double your money in 24 hours with crypto trading bot! Guaranteed 100% daily return. Join Telegram group t.me/fastcrypto,double your money in hours with crypto trading bot guaranteed daily return join telegram group t me fastcrypto,1,Spam
Final warning! Your package delivery failed due to unpaid shipping fee of $2.99. Pay now at http://postal-redelivery-notice.com,final warning your package delivery failed due to unpaid shipping fee of pay now at,1,Spam
URGENT! You have won a 1000 cash prize or a free iPhone! Call 09061701461 now to claim your reward. Claim code: TXT54. Valid 12 hours only!,urgent you have won a cash prize or a free iphone call now to claim your reward claim code txt valid hours only,1,Spam
WINNER! As a valued network customer you have been selected to receive a £900 gift voucher. Reply WIN to 87077 immediately!,winner as a valued network customer you have been selected to receive a gift voucher reply win to immediately,1,Spam
FREE ENTRY into our £250 weekly lottery draw! Text CHOICE to 85023 to enter. Terms and conditions apply. 16+,free entry into our weekly lottery draw text choice to to enter terms and conditions apply,1,Spam
CONGRATULATIONS! You have been awarded a free holiday to Spain. Call 08712400603 now to book your flights. T&C Apply.,congratulations you have been awarded a free holiday to spain call now to book your flights t c apply,1,Spam
PRIVATE! Your loan of £5000 is pre-approved! No credit check required. Click http://free-cash-now.com to receive funds today.,private your loan of is pre approved no credit check required click to receive funds today,1,Spam
ALERT: Your bank account has been temporarily locked. Verify your credentials immediately at http://secure-bank-login-verify.com to avoid suspension.,alert your bank account has been temporarily locked verify your credentials immediately at to avoid suspension,1,Spam
Hot singles in your area want to meet you! Reply YES to 69696 to chat now. £1.50 per msg.,hot singles in your area want to meet you reply yes to to chat now per msg,1,Spam
CLAIM NOW: You have 1 unread urgent notification regarding your unclaimed tax refund of £450. Click link to deposit.,claim now you have unread urgent notification regarding your unclaimed tax refund of click link to deposit,1,Spam
Double your money in 24 hours with crypto trading bot! Guaranteed 100% daily return. Join Telegram group t.me/fastcrypto,double your money in hours with crypto trading bot guaranteed daily return join telegram group t me fastcrypto,1,Spam
Final warning! Your package delivery failed due to unpaid shipping fee of $2.99. Pay now at http://postal-redelivery-notice.com,final warning your package delivery failed due to unpaid shipping fee of pay now at,1,Spam
URGENT! You have won a 1000 cash prize or a free iPhone! Call 09061701461 now to claim your reward. Claim code: TXT54. Valid 12 hours only!,urgent you have won a cash prize or a free iphone call now to claim your reward claim code txt valid hours only,1,Spam
WINNER! As a valued network customer you have been selected to receive a £900 gift voucher. Reply WIN to 87077 immediately!,winner as a valued network customer you have been selected to receive a gift voucher reply win to immediately,1,Spam
FREE ENTRY into our £250 weekly lottery draw! Text CHOICE to 85023 to enter. Terms and conditions apply. 16+,free entry into our weekly lottery draw text choice to to enter terms and conditions apply,1,Spam
CONGRATULATIONS! You have been awarded a free holiday to Spain. Call 08712400603 now to book your flights. T&C Apply.,congratulations you have been awarded a free holiday to spain call now to book your flights t c apply,1,Spam
PRIVATE! Your loan of £5000 is pre-approved! No credit check required. Click http://free-cash-now.com to receive funds today.,private your loan of is pre approved no credit check required click to receive funds today,1,Spam
ALERT: Your bank account has been temporarily locked. Verify your credentials immediately at http://secure-bank-login-verify.com to avoid suspension.,alert your bank account has been temporarily locked verify your credentials immediately at to avoid suspension,1,Spam
Hot singles in your area want to meet you! Reply YES to 69696 to chat now. £1.50 per msg.,hot singles in your area want to meet you reply yes to to chat now per msg,1,Spam
CLAIM NOW: You have 1 unread urgent notification regarding your unclaimed tax refund of £450. Click link to deposit.,claim now you have unread urgent notification regarding your unclaimed tax refund of click link to deposit,1,Spam
Double your money in 24 hours with crypto trading bot! Guaranteed 100% daily return. Join Telegram group t.me/fastcrypto,double your money in hours with crypto trading bot guaranteed daily return join telegram group t me fastcrypto,1,Spam
Final warning! Your package delivery failed due to unpaid shipping fee of $2.99. Pay now at http://postal-redelivery-notice.com,final warning your package delivery failed due to unpaid shipping fee of pay now at,1,Spam
URGENT! You have won a 1000 cash prize or a free iPhone! Call 09061701461 now to claim your reward. Claim code: TXT54. Valid 12 hours only!,urgent you have won a cash prize or a free iphone call now to claim your reward claim code txt valid hours only,1,Spam
WINNER! As a valued network customer you have been selected to receive a £900 gift voucher. Reply WIN to 87077 immediately!,winner as a valued network customer you have been selected to receive a gift voucher reply win to immediately,1,Spam
FREE ENTRY into our £250 weekly lottery draw! Text CHOICE to 85023 to enter. Terms and conditions apply. 16+,free entry into our weekly lottery draw text choice to to enter terms and conditions apply,1,Spam
CONGRATULATIONS! You have been awarded a free holiday to Spain. Call 08712400603 now to book your flights. T&C Apply.,congratulations you have been awarded a free holiday to spain call now to book your flights t c apply,1,Spam
PRIVATE! Your loan of £5000 is pre-approved! No credit check required. Click http://free-cash-now.com to receive funds today.,private your loan of is pre approved no credit check required click to receive funds today,1,Spam
ALERT: Your bank account has been temporarily locked. Verify your credentials immediately at http://secure-bank-login-verify.com to avoid suspension.,alert your bank account has been temporarily locked verify your credentials immediately at to avoid suspension,1,Spam
Hot singles in your area want to meet you! Reply YES to 69696 to chat now. £1.50 per msg.,hot singles in your area want to meet you reply yes to to chat now per msg,1,Spam
CLAIM NOW: You have 1 unread urgent notification regarding your unclaimed tax refund of £450. Click link to deposit.,claim now you have unread urgent notification regarding your unclaimed tax refund of click link to deposit,1,Spam
Double your money in 24 hours with crypto trading bot! Guaranteed 100% daily return. Join Telegram group t.me/fastcrypto,double your money in hours with crypto trading bot guaranteed daily return join telegram group t me fastcrypto,1,Spam
Final warning! Your package delivery failed due to unpaid shipping fee of $2.99. Pay now at http://postal-redelivery-notice.com,final warning your package delivery failed due to unpaid shipping fee of pay now at,1,Spam
URGENT! You have won a 1000 cash prize or a free iPhone! Call 09061701461 now to claim your reward. Claim code: TXT54. Valid 12 hours only!,urgent you have won a cash prize or a free iphone call now to claim your reward claim code txt valid hours only,1,Spam
WINNER! As a valued network customer you have been selected to receive a £900 gift voucher. Reply WIN to 87077 immediately!,winner as a valued network customer you have been selected to receive a gift voucher reply win to immediately,1,Spam
FREE ENTRY into our £250 weekly lottery draw! Text CHOICE to 85023 to enter. Terms and conditions apply. 16+,free entry into our weekly lottery draw text choice to to enter terms and conditions apply,1,Spam
CONGRATULATIONS! You have been awarded a free holiday to Spain. Call 08712400603 now to book your flights. T&C Apply.,congratulations you have been awarded a free holiday to spain call now to book your flights t c apply,1,Spam
PRIVATE! Your loan of £5000 is pre-approved! No credit check required. Click http://free-cash-now.com to receive funds today.,private your loan of is pre approved no credit check required click to receive funds today,1,Spam
ALERT: Your bank account has been temporarily locked. Verify your credentials immediately at http://secure-bank-login-verify.com to avoid suspension.,alert your bank account has been temporarily locked verify your credentials immediately at to avoid suspension,1,Spam
Hot singles in your area want to meet you! Reply YES to 69696 to chat now. £1.50 per msg.,hot singles in your area want to meet you reply yes to to chat now per msg,1,Spam
CLAIM NOW: You have 1 unread urgent notification regarding your unclaimed tax refund of £450. Click link to deposit.,claim now you have unread urgent notification regarding your unclaimed tax refund of click link to deposit,1,Spam
Double your money in 24 hours with crypto trading bot! Guaranteed 100% daily return. Join Telegram group t.me/fastcrypto,double your money in hours with crypto trading bot guaranteed daily return join telegram group t me fastcrypto,1,Spam
Final warning! Your package delivery failed due to unpaid shipping fee of $2.99. Pay now at http://postal-redelivery-notice.com,final warning your package delivery failed due to unpaid shipping fee of pay now at,1,Spam
URGENT! You have won a 1000 cash prize or a free iPhone! Call 09061701461 now to claim your reward. Claim code: TXT54. Valid 12 hours only!,urgent you have won a cash prize or a free iphone call now to claim your reward claim code txt valid hours only,1,Spam
WINNER! As a valued network customer you have been selected to receive a £900 gift voucher. Reply WIN to 87077 immediately!,winner as a valued network customer you have been selected to receive a gift voucher reply win to immediately,1,Spam
FREE ENTRY into our £250 weekly lottery draw! Text CHOICE to 85023 to enter. Terms and conditions apply. 16+,free entry into our weekly lottery draw text choice to to enter terms and conditions apply,1,Spam
CONGRATULATIONS! You have been awarded a free holiday to Spain. Call 08712400603 now to book your flights. T&C Apply.,congratulations you have been awarded a free holiday to spain call now to book your flights t c apply,1,Spam
PRIVATE! Your loan of £5000 is pre-approved! No credit check required. Click http://free-cash-now.com to receive funds today.,private your loan of is pre approved no credit check required click to receive funds today,1,Spam
ALERT: Your bank account has been temporarily locked. Verify your credentials immediately at http://secure-bank-login-verify.com to avoid suspension.,alert your bank account has been temporarily locked verify your credentials immediately at to avoid suspension,1,Spam
Hot singles in your area want to meet you! Reply YES to 69696 to chat now. £1.50 per msg.,hot singles in your area want to meet you reply yes to to chat now per msg,1,Spam
CLAIM NOW: You have 1 unread urgent notification regarding your unclaimed tax refund of £450. Click link to deposit.,claim now you have unread urgent notification regarding your unclaimed tax refund of click link to deposit,1,Spam
Double your money in 24 hours with crypto trading bot! Guaranteed 100% daily return. Join Telegram group t.me/fastcrypto,double your money in hours with crypto trading bot guaranteed daily return join telegram group t me fastcrypto,1,Spam
Final warning! Your package delivery failed due to unpaid shipping fee of $2.99. Pay now at http://postal-redelivery-notice.com,final warning your package delivery failed due to unpaid shipping fee of pay now at,1,Spam
URGENT! You have won a 1000 cash prize or a free iPhone! Call 09061701461 now to claim your reward. Claim code: TXT54. Valid 12 hours only!,urgent you have won a cash prize or a free iphone call now to claim your reward claim code txt valid hours only,1,Spam
WINNER! As a valued network customer you have been selected to receive a £900 gift voucher. Reply WIN to 87077 immediately!,winner as a valued network customer you have been selected to receive a gift voucher reply win to immediately,1,Spam
FREE ENTRY into our £250 weekly lottery draw! Text CHOICE to 85023 to enter. Terms and conditions apply. 16+,free entry into our weekly lottery draw text choice to to enter terms and conditions apply,1,Spam
CONGRATULATIONS! You have been awarded a free holiday to Spain. Call 08712400603 now to book your flights. T&C Apply.,congratulations you have been awarded a free holiday to spain call now to book your flights t c apply,1,Spam
PRIVATE! Your loan of £5000 is pre-approved! No credit check required. Click http://free-cash-now.com to receive funds today.,private your loan of is pre approved no credit check required click to receive funds today,1,Spam
ALERT: Your bank account has been temporarily locked. Verify your credentials immediately at http://secure-bank-login-verify.com to avoid suspension.,alert your bank account has been temporarily locked verify your credentials immediately at to avoid suspension,1,Spam
Hot singles in your area want to meet you! Reply YES to 69696 to chat now. £1.50 per msg.,hot singles in your area want to meet you reply yes to to chat now per msg,1,Spam
CLAIM NOW: You have 1 unread urgent notification regarding your unclaimed tax refund of £450. Click link to deposit.,claim now you have unread urgent notification regarding your unclaimed tax refund of click link to deposit,1,Spam
Double your money in 24 hours with crypto trading bot! Guaranteed 100% daily return. Join Telegram group t.me/fastcrypto,double your money in hours with crypto trading bot guaranteed daily return join telegram group t me fastcrypto,1,Spam
Final warning! Your package delivery failed due to unpaid shipping fee of $2.99. Pay now at http://postal-redelivery-notice.com,final warning your package delivery failed due to unpaid shipping fee of pay now at,1,Spam
URGENT! You have won a 1000 cash prize or a free iPhone! Call 09061701461 now to claim your reward. Claim code: TXT54. Valid 12 hours only!,urgent you have won a cash prize or a free iphone call now to claim your reward claim code txt valid hours only,1,Spam
WINNER! As a valued network customer you have been selected to receive a £900 gift voucher. Reply WIN to 87077 immediately!,winner as a valued network customer you have been selected to receive a gift voucher reply win to immediately,1,Spam
FREE ENTRY into our £250 weekly lottery draw! Text CHOICE to 85023 to enter. Terms and conditions apply. 16+,free entry into our weekly lottery draw text choice to to enter terms and conditions apply,1,Spam
CONGRATULATIONS! You have been awarded a free holiday to Spain. Call 08712400603 now to book your flights. T&C Apply.,congratulations you have been awarded a free holiday to spain call now to book your flights t c apply,1,Spam
PRIVATE! Your loan of £5000 is pre-approved! No credit check required. Click http://free-cash-now.com to receive funds today.,private your loan of is pre approved no credit check required click to receive funds today,1,Spam
ALERT: Your bank account has been temporarily locked. Verify your credentials immediately at http://secure-bank-login-verify.com to avoid suspension.,alert your bank account has been temporarily locked verify your credentials immediately at to avoid suspension,1,Spam
Hot singles in your area want to meet you! Reply YES to 69696 to chat now. £1.50 per msg.,hot singles in your area want to meet you reply yes to to chat now per msg,1,Spam
CLAIM NOW: You have 1 unread urgent notification regarding your unclaimed tax refund of £450. Click link to deposit.,claim now you have unread urgent notification regarding your unclaimed tax refund of click link to deposit,1,Spam
Double your money in 24 hours with crypto trading bot! Guaranteed 100% daily return. Join Telegram group t.me/fastcrypto,double your money in hours with crypto trading bot guaranteed daily return join telegram group t me fastcrypto,1,Spam
Final warning! Your package delivery failed due to unpaid shipping fee of $2.99. Pay now at http://postal-redelivery-notice.com,final warning your package delivery failed due to unpaid shipping fee of pay now at,1,Spam
URGENT! You have won a 1000 cash prize or a free iPhone! Call 09061701461 now to claim your reward. Claim code: TXT54. Valid 12 hours only!,urgent you have won a cash prize or a free iphone call now to claim your reward claim code txt valid hours only,1,Spam
WINNER! As a valued network customer you have been selected to receive a £900 gift voucher. Reply WIN to 87077 immediately!,winner as a valued network customer you have been selected to receive a gift voucher reply win to immediately,1,Spam
FREE ENTRY into our £250 weekly lottery draw! Text CHOICE to 85023 to enter. Terms and conditions apply. 16+,free entry into our weekly lottery draw text choice to to enter terms and conditions apply,1,Spam
CONGRATULATIONS! You have been awarded a free holiday to Spain. Call 08712400603 now to book your flights. T&C Apply.,congratulations you have been awarded a free holiday to spain call now to book your flights t c apply,1,Spam
PRIVATE! Your loan of £5000 is pre-approved! No credit check required. Click http://free-cash-now.com to receive funds today.,private your loan of is pre approved no credit check required click to receive funds today,1,Spam
ALERT: Your bank account has been temporarily locked. Verify your credentials immediately at http://secure-bank-login-verify.com to avoid suspension.,alert your bank account has been temporarily locked verify your credentials immediately at to avoid suspension,1,Spam
Hot singles in your area want to meet you! Reply YES to 69696 to chat now. £1.50 per msg.,hot singles in your area want to meet you reply yes to to chat now per msg,1,Spam
CLAIM NOW: You have 1 unread urgent notification regarding your unclaimed tax refund of £450. Click link to deposit.,claim now you have unread urgent notification regarding your unclaimed tax refund of click link to deposit,1,Spam
Double your money in 24 hours with crypto trading bot! Guaranteed 100% daily return. Join Telegram group t.me/fastcrypto,double your money in hours with crypto trading bot guaranteed daily return join telegram group t me fastcrypto,1,Spam
Final warning! Your package delivery failed due to unpaid shipping fee of $2.99. Pay now at http://postal-redelivery-notice.com,final warning your package delivery failed due to unpaid shipping fee of pay now at,1,Spam
URGENT! You have won a 1000 cash prize or a free iPhone! Call 09061701461 now to claim your reward. Claim code: TXT54. Valid 12 hours only!,urgent you have won a cash prize or a free iphone call now to claim your reward claim code txt valid hours only,1,Spam
WINNER! As a valued network customer you have been selected to receive a £900 gift voucher. Reply WIN to 87077 immediately!,winner as a valued network customer you have been selected to receive a gift voucher reply win to immediately,1,Spam
FREE ENTRY into our £250 weekly lottery draw! Text CHOICE to 85023 to enter. Terms and conditions apply. 16+,free entry into our weekly lottery draw text choice to to enter terms and conditions apply,1,Spam
CONGRATULATIONS! You have been awarded a free holiday to Spain. Call 08712400603 now to book your flights. T&C Apply.,congratulations you have been awarded a free holiday to spain call now to book your flights t c apply,1,Spam
PRIVATE! Your loan of £5000 is pre-approved! No credit check required. Click http://free-cash-now.com to receive funds today.,private your loan of is pre approved no credit check required click to receive funds today,1,Spam
ALERT: Your bank account has been temporarily locked. Verify your credentials immediately at http://secure-bank-login-verify.com to avoid suspension.,alert your bank account has been temporarily locked verify your credentials immediately at to avoid suspension,1,Spam
Hot singles in your area want to meet you! Reply YES to 69696 to chat now. £1.50 per msg.,hot singles in your area want to meet you reply yes to to chat now per msg,1,Spam
CLAIM NOW: You have 1 unread urgent notification regarding your unclaimed tax refund of £450. Click link to deposit.,claim now you have unread urgent notification regarding your unclaimed tax refund of click link to deposit,1,Spam
Double your money in 24 hours with crypto trading bot! Guaranteed 100% daily return. Join Telegram group t.me/fastcrypto,double your money in hours with crypto trading bot guaranteed daily return join telegram group t me fastcrypto,1,Spam
Final warning! Your package delivery failed due to unpaid shipping fee of $2.99. Pay now at http://postal-redelivery-notice.com,final warning your package delivery failed due to unpaid shipping fee of pay now at,1,Spam
URGENT! You have won a 1000 cash prize or a free iPhone! Call 09061701461 now to claim your reward. Claim code: TXT54. Valid 12 hours only!,urgent you have won a cash prize or a free iphone call now to claim your reward claim code txt valid hours only,1,Spam
WINNER! As a valued network customer you have been selected to receive a £900 gift voucher. Reply WIN to 87077 immediately!,winner as a valued network customer you have been selected to receive a gift voucher reply win to immediately,1,Spam
FREE ENTRY into our £250 weekly lottery draw! Text CHOICE to 85023 to enter. Terms and conditions apply. 16+,free entry into our weekly lottery draw text choice to to enter terms and conditions apply,1,Spam
CONGRATULATIONS! You have been awarded a free holiday to Spain. Call 08712400603 now to book your flights. T&C Apply.,congratulations you have been awarded a free holiday to spain call now to book your flights t c apply,1,Spam
PRIVATE! Your loan of £5000 is pre-approved! No credit check required. Click http://free-cash-now.com to receive funds today.,private your loan of is pre approved no credit check required click to receive funds today,1,Spam
ALERT: Your bank account has been temporarily locked. Verify your credentials immediately at http://secure-bank-login-verify.com to avoid suspension.,alert your bank account has been temporarily locked verify your credentials immediately at to avoid suspension,1,Spam
Hot singles in your area want to meet you! Reply YES to 69696 to chat now. £1.50 per msg.,hot singles in your area want to meet you reply yes to to chat now per msg,1,Spam
CLAIM NOW: You have 1 unread urgent notification regarding your unclaimed tax refund of £450. Click link to deposit.,claim now you have unread urgent notification regarding your unclaimed tax refund of click link to deposit,1,Spam
Double your money in 24 hours with crypto trading bot! Guaranteed 100% daily return. Join Telegram group t.me/fastcrypto,double your money in hours with crypto trading bot guaranteed daily return join telegram group t me fastcrypto,1,Spam
Final warning! Your package delivery failed due to unpaid shipping fee of $2.99. Pay now at http://postal-redelivery-notice.com,final warning your package delivery failed due to unpaid shipping fee of pay now at,1,Spam
URGENT! You have won a 1000 cash prize or a free iPhone! Call 09061701461 now to claim your reward. Claim code: TXT54. Valid 12 hours only!,urgent you have won a cash prize or a free iphone call now to claim your reward claim code txt valid hours only,1,Spam
WINNER! As a valued network customer you have been selected to receive a £900 gift voucher. Reply WIN to 87077 immediately!,winner as a valued network customer you have been selected to receive a gift voucher reply win to immediately,1,Spam
FREE ENTRY into our £250 weekly lottery draw! Text CHOICE to 85023 to enter. Terms and conditions apply. 16+,free entry into our weekly lottery draw text choice to to enter terms and conditions apply,1,Spam
CONGRATULATIONS! You have been awarded a free holiday to Spain. Call 08712400603 now to book your flights. T&C Apply.,congratulations you have been awarded a free holiday to spain call now to book your flights t c apply,1,Spam
PRIVATE! Your loan of £5000 is pre-approved! No credit check required. Click http://free-cash-now.com to receive funds today.,private your loan of is pre approved no credit check required click to receive funds today,1,Spam
ALERT: Your bank account has been temporarily locked. Verify your credentials immediately at http://secure-bank-login-verify.com to avoid suspension.,alert your bank account has been temporarily locked verify your credentials immediately at to avoid suspension,1,Spam
Hot singles in your area want to meet you! Reply YES to 69696 to chat now. £1.50 per msg.,hot singles in your area want to meet you reply yes to to chat now per msg,1,Spam
CLAIM NOW: You have 1 unread urgent notification regarding your unclaimed tax refund of £450. Click link to deposit.,claim now you have unread urgent notification regarding your unclaimed tax refund of click link to deposit,1,Spam
Double your money in 24 hours with crypto trading bot! Guaranteed 100% daily return. Join Telegram group t.me/fastcrypto,double your money in hours with crypto trading bot guaranteed daily return join telegram group t me fastcrypto,1,Spam
Final warning! Your package delivery failed due to unpaid shipping fee of $2.99. Pay now at http://postal-redelivery-notice.com,final warning your package delivery failed due to unpaid shipping fee of pay now at,1,Spam
URGENT! You have won a 1000 cash prize or a free iPhone! Call 09061701461 now to claim your reward. Claim code: TXT54. Valid 12 hours only!,urgent you have won a cash prize or a free iphone call now to claim your reward claim code txt valid hours only,1,Spam
WINNER! As a valued network customer you have been selected to receive a £900 gift voucher. Reply WIN to 87077 immediately!,winner as a valued network customer you have been selected to receive a gift voucher reply win to immediately,1,Spam
FREE ENTRY into our £250 weekly lottery draw! Text CHOICE to 85023 to enter. Terms and conditions apply. 16+,free entry into our weekly lottery draw text choice to to enter terms and conditions apply,1,Spam
CONGRATULATIONS! You have been awarded a free holiday to Spain. Call 08712400603 now to book your flights. T&C Apply.,congratulations you have been awarded a free holiday to spain call now to book your flights t c apply,1,Spam
PRIVATE! Your loan of £5000 is pre-approved! No credit check required. Click http://free-cash-now.com to receive funds today.,private your loan of is pre approved no credit check required click to receive funds today,1,Spam
ALERT: Your bank account has been temporarily locked. Verify your credentials immediately at http://secure-bank-login-verify.com to avoid suspension.,alert your bank account has been temporarily locked verify your credentials immediately at to avoid suspension,1,Spam
Hot singles in your area want to meet you! Reply YES to 69696 to chat now. £1.50 per msg.,hot singles in your area want to meet you reply yes to to chat now per msg,1,Spam
CLAIM NOW: You have 1 unread urgent notification regarding your unclaimed tax refund of £450. Click link to deposit.,claim now you have unread urgent notification regarding your unclaimed tax refund of click link to deposit,1,Spam
Double your money in 24 hours with crypto trading bot! Guaranteed 100% daily return. Join Telegram group t.me/fastcrypto,double your money in hours with crypto trading bot guaranteed daily return join telegram group t me fastcrypto,1,Spam
Final warning! Your package delivery failed due to unpaid shipping fee of $2.99. Pay now at http://postal-redelivery-notice.com,final warning your package delivery failed due to unpaid shipping fee of pay now at,1,Spam
URGENT! You have won a 1000 cash prize or a free iPhone! Call 09061701461 now to claim your reward. Claim code: TXT54. Valid 12 hours only!,urgent you have won a cash prize or a free iphone call now to claim your reward claim code txt valid hours only,1,Spam
WINNER! As a valued network customer you have been selected to receive a £900 gift voucher. Reply WIN to 87077 immediately!,winner as a valued network customer you have been selected to receive a gift voucher reply win to immediately,1,Spam
FREE ENTRY into our £250 weekly lottery draw! Text CHOICE to 85023 to enter. Terms and conditions apply. 16+,free entry into our weekly lottery draw text choice to to enter terms and conditions apply,1,Spam
CONGRATULATIONS! You have been awarded a free holiday to Spain. Call 08712400603 now to book your flights. T&C Apply.,congratulations you have been awarded a free holiday to spain call now to book your flights t c apply,1,Spam
PRIVATE! Your loan of £5000 is pre-approved! No credit check required. Click http://free-cash-now.com to receive funds today.,private your loan of is pre approved no credit check required click to receive funds today,1,Spam
ALERT: Your bank account has been temporarily locked. Verify your credentials immediately at http://secure-bank-login-verify.com to avoid suspension.,alert your bank account has been temporarily locked verify your credentials immediately at to avoid suspension,1,Spam
Hot singles in your area want to meet you! Reply YES to 69696 to chat now. £1.50 per msg.,hot singles in your area want to meet you reply yes to to chat now per msg,1,Spam
CLAIM NOW: You have 1 unread urgent notification regarding your unclaimed tax refund of £450. Click link to deposit.,claim now you have unread urgent notification regarding your unclaimed tax refund of click link to deposit,1,Spam
Double your money in 24 hours with crypto trading bot! Guaranteed 100% daily return. Join Telegram group t.me/fastcrypto,double your money in hours with crypto trading bot guaranteed daily return join telegram group t me fastcrypto,1,Spam
Final warning! Your package delivery failed due to unpaid shipping fee of $2.99. Pay now at http://postal-redelivery-notice.com,final warning your package delivery failed due to unpaid shipping fee of pay now at,1,Spam
URGENT! You have won a 1000 cash prize or a free iPhone! Call 09061701461 now to claim your reward. Claim code: TXT54. Valid 12 hours only!,urgent you have won a cash prize or a free iphone call now to claim your reward claim code txt valid hours only,1,Spam
WINNER! As a valued network customer you have been selected to receive a £900 gift voucher. Reply WIN to 87077 immediately!,winner as a valued network customer you have been selected to receive a gift voucher reply win to immediately,1,Spam
FREE ENTRY into our £250 weekly lottery draw! Text CHOICE to 85023 to enter. Terms and conditions apply. 16+,free entry into our weekly lottery draw text choice to to enter terms and conditions apply,1,Spam
CONGRATULATIONS! You have been awarded a free holiday to Spain. Call 08712400603 now to book your flights. T&C Apply.,congratulations you have been awarded a free holiday to spain call now to book your flights t c apply,1,Spam
PRIVATE! Your loan of £5000 is pre-approved! No credit check required. Click http://free-cash-now.com to receive funds today.,private your loan of is pre approved no credit check required click to receive funds today,1,Spam
ALERT: Your bank account has been temporarily locked. Verify your credentials immediately at http://secure-bank-login-verify.com to avoid suspension.,alert your bank account has been temporarily locked verify your credentials immediately at to avoid suspension,1,Spam
Hot singles in your area want to meet you! Reply YES to 69696 to chat now. £1.50 per msg.,hot singles in your area want to meet you reply yes to to chat now per msg,1,Spam
CLAIM NOW: You have 1 unread urgent notification regarding your unclaimed tax refund of £450. Click link to deposit.,claim now you have unread urgent notification regarding your unclaimed tax refund of click link to deposit,1,Spam
Double your money in 24 hours with crypto trading bot! Guaranteed 100% daily return. Join Telegram group t.me/fastcrypto,double your money in hours with crypto trading bot guaranteed daily return join telegram group t me fastcrypto,1,Spam
Final warning! Your package delivery failed due to unpaid shipping fee of $2.99. Pay now at http://postal-redelivery-notice.com,final warning your package delivery failed due to unpaid shipping fee of pay now at,1,Spam
URGENT! You have won a 1000 cash prize or a free iPhone! Call 09061701461 now to claim your reward. Claim code: TXT54. Valid 12 hours only!,urgent you have won a cash prize or a free iphone call now to claim your reward claim code txt valid hours only,1,Spam
WINNER! As a valued network customer you have been selected to receive a £900 gift voucher. Reply WIN to 87077 immediately!,winner as a valued network customer you have been selected to receive a gift voucher reply win to immediately,1,Spam
FREE ENTRY into our £250 weekly lottery draw! Text CHOICE to 85023 to enter. Terms and conditions apply. 16+,free entry into our weekly lottery draw text choice to to enter terms and conditions apply,1,Spam
CONGRATULATIONS! You have been awarded a free holiday to Spain. Call 08712400603 now to book your flights. T&C Apply.,congratulations you have been awarded a free holiday to spain call now to book your flights t c apply,1,Spam
PRIVATE! Your loan of £5000 is pre-approved! No credit check required. Click http://free-cash-now.com to receive funds today.,private your loan of is pre approved no credit check required click to receive funds today,1,Spam
ALERT: Your bank account has been temporarily locked. Verify your credentials immediately at http://secure-bank-login-verify.com to avoid suspension.,alert your bank account has been temporarily locked verify your credentials immediately at to avoid suspension,1,Spam
Hot singles in your area want to meet you! Reply YES to 69696 to chat now. £1.50 per msg.,hot singles in your area want to meet you reply yes to to chat now per msg,1,Spam
CLAIM NOW: You have 1 unread urgent notification regarding your unclaimed tax refund of £450. Click link to deposit.,claim now you have unread urgent notification regarding your unclaimed tax refund of click link to deposit,1,Spam
Double your money in 24 hours with crypto trading bot! Guaranteed 100% daily return. Join Telegram group t.me/fastcrypto,double your money in hours with crypto trading bot guaranteed daily return join telegram group t me fastcrypto,1,Spam
Final warning! Your package delivery failed due to unpaid shipping fee of $2.99. Pay now at http://postal-redelivery-notice.com,final warning your package delivery failed due to unpaid shipping fee of pay now at,1,Spam
URGENT! You have won a 1000 cash prize or a free iPhone! Call 09061701461 now to claim your reward. Claim code: TXT54. Valid 12 hours only!,urgent you have won a cash prize or a free iphone call now to claim your reward claim code txt valid hours only,1,Spam
WINNER! As a valued network customer you have been selected to receive a £900 gift voucher. Reply WIN to 87077 immediately!,winner as a valued network customer you have been selected to receive a gift voucher reply win to immediately,1,Spam
FREE ENTRY into our £250 weekly lottery draw! Text CHOICE to 85023 to enter. Terms and conditions apply. 16+,free entry into our weekly lottery draw text choice to to enter terms and conditions apply,1,Spam
CONGRATULATIONS! You have been awarded a free holiday to Spain. Call 08712400603 now to book your flights. T&C Apply.,congratulations you have been awarded a free holiday to spain call now to book your flights t c apply,1,Spam
PRIVATE! Your loan of £5000 is pre-approved! No credit check required. Click http://free-cash-now.com to receive funds today.,private your loan of is pre approved no credit check required click to receive funds today,1,Spam
ALERT: Your bank account has been temporarily locked. Verify your credentials immediately at http://secure-bank-login-verify.com to avoid suspension.,alert your bank account has been temporarily locked verify your credentials immediately at to avoid suspension,1,Spam
Hot singles in your area want to meet you! Reply YES to 69696 to chat now. £1.50 per msg.,hot singles in your area want to meet you reply yes to to chat now per msg,1,Spam
CLAIM NOW: You have 1 unread urgent notification regarding your unclaimed tax refund of £450. Click link to deposit.,claim now you have unread urgent notification regarding your unclaimed tax refund of click link to deposit,1,Spam
Double your money in 24 hours with crypto trading bot! Guaranteed 100% daily return. Join Telegram group t.me/fastcrypto,double your money in hours with crypto trading bot guaranteed daily return join telegram group t me fastcrypto,1,Spam
Final warning! Your package delivery failed due to unpaid shipping fee of $2.99. Pay now at http://postal-redelivery-notice.com,final warning your package delivery failed due to unpaid shipping fee of pay now at,1,Spam
URGENT! You have won a 1000 cash prize or a free iPhone! Call 09061701461 now to claim your reward. Claim code: TXT54. Valid 12 hours only!,urgent you have won a cash prize or a free iphone call now to claim your reward claim code txt valid hours only,1,Spam
WINNER! As a valued network customer you have been selected to receive a £900 gift voucher. Reply WIN to 87077 immediately!,winner as a valued network customer you have been selected to receive a gift voucher reply win to immediately,1,Spam
FREE ENTRY into our £250 weekly lottery draw! Text CHOICE to 85023 to enter. Terms and conditions apply. 16+,free entry into our weekly lottery draw text choice to to enter terms and conditions apply,1,Spam
CONGRATULATIONS! You have been awarded a free holiday to Spain. Call 08712400603 now to book your flights. T&C Apply.,congratulations you have been awarded a free holiday to spain call now to book your flights t c apply,1,Spam
PRIVATE! Your loan of £5000 is pre-approved! No credit check required. Click http://free-cash-now.com to receive funds today.,private your loan of is pre approved no credit check required click to receive funds today,1,Spam
ALERT: Your bank account has been temporarily locked. Verify your credentials immediately at http://secure-bank-login-verify.com to avoid suspension.,alert your bank account has been temporarily locked verify your credentials immediately at to avoid suspension,1,Spam
Hot singles in your area want to meet you! Reply YES to 69696 to chat now. £1.50 per msg.,hot singles in your area want to meet you reply yes to to chat now per msg,1,Spam
CLAIM NOW: You have 1 unread urgent notification regarding your unclaimed tax refund of £450. Click link to deposit.,claim now you have unread urgent notification regarding your unclaimed tax refund of click link to deposit,1,Spam
Double your money in 24 hours with crypto trading bot! Guaranteed 100% daily return. Join Telegram group t.me/fastcrypto,double your money in hours with crypto trading bot guaranteed daily return join telegram group t me fastcrypto,1,Spam
Final warning! Your package delivery failed due to unpaid shipping fee of $2.99. Pay now at http://postal-redelivery-notice.com,final warning your package delivery failed due to unpaid shipping fee of pay now at,1,Spam
URGENT! You have won a 1000 cash prize or a free iPhone! Call 09061701461 now to claim your reward. Claim code: TXT54. Valid 12 hours only!,urgent you have won a cash prize or a free iphone call now to claim your reward claim code txt valid hours only,1,Spam
WINNER! As a valued network customer you have been selected to receive a £900 gift voucher. Reply WIN to 87077 immediately!,winner as a valued network customer you have been selected to receive a gift voucher reply win to immediately,1,Spam
FREE ENTRY into our £250 weekly lottery draw! Text CHOICE to 85023 to enter. Terms and conditions apply. 16+,free entry into our weekly lottery draw text choice to to enter terms and conditions apply,1,Spam
CONGRATULATIONS! You have been awarded a free holiday to Spain. Call 08712400603 now to book your flights. T&C Apply.,congratulations you have been awarded a free holiday to spain call now to book your flights t c apply,1,Spam
PRIVATE! Your loan of £5000 is pre-approved! No credit check required. Click http://free-cash-now.com to receive funds today.,private your loan of is pre approved no credit check required click to receive funds today,1,Spam
ALERT: Your bank account has been temporarily locked. Verify your credentials immediately at http://secure-bank-login-verify.com to avoid suspension.,alert your bank account has been temporarily locked verify your credentials immediately at to avoid suspension,1,Spam
Hot singles in your area want to meet you! Reply YES to 69696 to chat now. £1.50 per msg.,hot singles in your area want to meet you reply yes to to chat now per msg,1,Spam
CLAIM NOW: You have 1 unread urgent notification regarding your unclaimed tax refund of £450. Click link to deposit.,claim now you have unread urgent notification regarding your unclaimed tax refund of click link to deposit,1,Spam
Double your money in 24 hours with crypto trading bot! Guaranteed 100% daily return. Join Telegram group t.me/fastcrypto,double your money in hours with crypto trading bot guaranteed daily return join telegram group t me fastcrypto,1,Spam
Final warning! Your package delivery failed due to unpaid shipping fee of $2.99. Pay now at http://postal-redelivery-notice.com,final warning your package delivery failed due to unpaid shipping fee of pay now at,1,Spam
URGENT! You have won a 1000 cash prize or a free iPhone! Call 09061701461 now to claim your reward. Claim code: TXT54. Valid 12 hours only!,urgent you have won a cash prize or a free iphone call now to claim your reward claim code txt valid hours only,1,Spam
WINNER! As a valued network customer you have been selected to receive a £900 gift voucher. Reply WIN to 87077 immediately!,winner as a valued network customer you have been selected to receive a gift voucher reply win to immediately,1,Spam
FREE ENTRY into our £250 weekly lottery draw! Text CHOICE to 85023 to enter. Terms and conditions apply. 16+,free entry into our weekly lottery draw text choice to to enter terms and conditions apply,1,Spam
CONGRATULATIONS! You have been awarded a free holiday to Spain. Call 08712400603 now to book your flights. T&C Apply.,congratulations you have been awarded a free holiday to spain call now to book your flights t c apply,1,Spam
PRIVATE! Your loan of £5000 is pre-approved! No credit check required. Click http://free-cash-now.com to receive funds today.,private your loan of is pre approved no credit check required click to receive funds today,1,Spam
ALERT: Your bank account has been temporarily locked. Verify your credentials immediately at http://secure-bank-login-verify.com to avoid suspension.,alert your bank account has been temporarily locked verify your credentials immediately at to avoid suspension,1,Spam
Hot singles in your area want to meet you! Reply YES to 69696 to chat now. £1.50 per msg.,hot singles in your area want to meet you reply yes to to chat now per msg,1,Spam
CLAIM NOW: You have 1 unread urgent notification regarding your unclaimed tax refund of £450. Click link to deposit.,claim now you have unread urgent notification regarding your unclaimed tax refund of click link to deposit,1,Spam
Double your money in 24 hours with crypto trading bot! Guaranteed 100% daily return. Join Telegram group t.me/fastcrypto,double your money in hours with crypto trading bot guaranteed daily return join telegram group t me fastcrypto,1,Spam
Final warning! Your package delivery failed due to unpaid shipping fee of $2.99. Pay now at http://postal-redelivery-notice.com,final warning your package delivery failed due to unpaid shipping fee of pay now at,1,Spam
URGENT! You have won a 1000 cash prize or a free iPhone! Call 09061701461 now to claim your reward. Claim code: TXT54. Valid 12 hours only!,urgent you have won a cash prize or a free iphone call now to claim your reward claim code txt valid hours only,1,Spam
WINNER! As a valued network customer you have been selected to receive a £900 gift voucher. Reply WIN to 87077 immediately!,winner as a valued network customer you have been selected to receive a gift voucher reply win to immediately,1,Spam
FREE ENTRY into our £250 weekly lottery draw! Text CHOICE to 85023 to enter. Terms and conditions apply. 16+,free entry into our weekly lottery draw text choice to to enter terms and conditions apply,1,Spam
CONGRATULATIONS! You have been awarded a free holiday to Spain. Call 08712400603 now to book your flights. T&C Apply.,congratulations you have been awarded a free holiday to spain call now to book your flights t c apply,1,Spam
PRIVATE! Your loan of £5000 is pre-approved! No credit check required. Click http://free-cash-now.com to receive funds today.,private your loan of is pre approved no credit check required click to receive funds today,1,Spam
ALERT: Your bank account has been temporarily locked. Verify your credentials immediately at http://secure-bank-login-verify.com to avoid suspension.,alert your bank account has been temporarily locked verify your credentials immediately at to avoid suspension,1,Spam
Hot singles in your area want to meet you! Reply YES to 69696 to chat now. £1.50 per msg.,hot singles in your area want to meet you reply yes to to chat now per msg,1,Spam
CLAIM NOW: You have 1 unread urgent notification regarding your unclaimed tax refund of £450. Click link to deposit.,claim now you have unread urgent notification regarding your unclaimed tax refund of click link to deposit,1,Spam
Double your money in 24 hours with crypto trading bot! Guaranteed 100% daily return. Join Telegram group t.me/fastcrypto,double your money in hours with crypto trading bot guaranteed daily return join telegram group t me fastcrypto,1,Spam
Final warning! Your package delivery failed due to unpaid shipping fee of $2.99. Pay now at http://postal-redelivery-notice.com,final warning your package delivery failed due to unpaid shipping fee of pay now at,1,Spam
URGENT! You have won a 1000 cash prize or a free iPhone! Call 09061701461 now to claim your reward. Claim code: TXT54. Valid 12 hours only!,urgent you have won a cash prize or a free iphone call now to claim your reward claim code txt valid hours only,1,Spam
WINNER! As a valued network customer you have been selected to receive a £900 gift voucher. Reply WIN to 87077 immediately!,winner as a valued network customer you have been selected to receive a gift voucher reply win to immediately,1,Spam
FREE ENTRY into our £250 weekly lottery draw! Text CHOICE to 85023 to enter. Terms and conditions apply. 16+,free entry into our weekly lottery draw text choice to to enter terms and conditions apply,1,Spam
CONGRATULATIONS! You have been awarded a free holiday to Spain. Call 08712400603 now to book your flights. T&C Apply.,congratulations you have been awarded a free holiday to spain call now to book your flights t c apply,1,Spam
PRIVATE! Your loan of £5000 is pre-approved! No credit check required. Click http://free-cash-now.com to receive funds today.,private your loan of is pre approved no credit check required click to receive funds today,1,Spam
ALERT: Your bank account has been temporarily locked. Verify your credentials immediately at http://secure-bank-login-verify.com to avoid suspension.,alert your bank account has been temporarily locked verify your credentials immediately at to avoid suspension,1,Spam
Hot singles in your area want to meet you! Reply YES to 69696 to chat now. £1.50 per msg.,hot singles in your area want to meet you reply yes to to chat now per msg,1,Spam
CLAIM NOW: You have 1 unread urgent notification regarding your unclaimed tax refund of £450. Click link to deposit.,claim now you have unread urgent notification regarding your unclaimed tax refund of click link to deposit,1,Spam
Double your money in 24 hours with crypto trading bot! Guaranteed 100% daily return. Join Telegram group t.me/fastcrypto,double your money in hours with crypto trading bot guaranteed daily return join telegram group t me fastcrypto,1,Spam
Final warning! Your package delivery failed due to unpaid shipping fee of $2.99. Pay now at http://postal-redelivery-notice.com,final warning your package delivery failed due to unpaid shipping fee of pay now at,1,Spam
URGENT! You have won a 1000 cash prize or a free iPhone! Call 09061701461 now to claim your reward. Claim code: TXT54. Valid 12 hours only!,urgent you have won a cash prize or a free iphone call now to claim your reward claim code txt valid hours only,1,Spam
WINNER! As a valued network customer you have been selected to receive a £900 gift voucher. Reply WIN to 87077 immediately!,winner as a valued network customer you have been selected to receive a gift voucher reply win to immediately,1,Spam
FREE ENTRY into our £250 weekly lottery draw! Text CHOICE to 85023 to enter. Terms and conditions apply. 16+,free entry into our weekly lottery draw text choice to to enter terms and conditions apply,1,Spam
CONGRATULATIONS! You have been awarded a free holiday to Spain. Call 08712400603 now to book your flights. T&C Apply.,congratulations you have been awarded a free holiday to spain call now to book your flights t c apply,1,Spam
PRIVATE! Your loan of £5000 is pre-approved! No credit check required. Click http://free-cash-now.com to receive funds today.,private your loan of is pre approved no credit check required click to receive funds today,1,Spam
ALERT: Your bank account has been temporarily locked. Verify your credentials immediately at http://secure-bank-login-verify.com to avoid suspension.,alert your bank account has been temporarily locked verify your credentials immediately at to avoid suspension,1,Spam
Hot singles in your area want to meet you! Reply YES to 69696 to chat now. £1.50 per msg.,hot singles in your area want to meet you reply yes to to chat now per msg,1,Spam
CLAIM NOW: You have 1 unread urgent notification regarding your unclaimed tax refund of £450. Click link to deposit.,claim now you have unread urgent notification regarding your unclaimed tax refund of click link to deposit,1,Spam
Double your money in 24 hours with crypto trading bot! Guaranteed 100% daily return. Join Telegram group t.me/fastcrypto,double your money in hours with crypto trading bot guaranteed daily return join telegram group t me fastcrypto,1,Spam
Final warning! Your package delivery failed due to unpaid shipping fee of $2.99. Pay now at http://postal-redelivery-notice.com,final warning your package delivery failed due to unpaid shipping fee of pay now at,1,Spam
URGENT! You have won a 1000 cash prize or a free iPhone! Call 09061701461 now to claim your reward. Claim code: TXT54. Valid 12 hours only!,urgent you have won a cash prize or a free iphone call now to claim your reward claim code txt valid hours only,1,Spam
WINNER! As a valued network customer you have been selected to receive a £900 gift voucher. Reply WIN to 87077 immediately!,winner as a valued network customer you have been selected to receive a gift voucher reply win to immediately,1,Spam
FREE ENTRY into our £250 weekly lottery draw! Text CHOICE to 85023 to enter. Terms and conditions apply. 16+,free entry into our weekly lottery draw text choice to to enter terms and conditions apply,1,Spam
CONGRATULATIONS! You have been awarded a free holiday to Spain. Call 08712400603 now to book your flights. T&C Apply.,congratulations you have been awarded a free holiday to spain call now to book your flights t c apply,1,Spam
PRIVATE! Your loan of £5000 is pre-approved! No credit check required. Click http://free-cash-now.com to receive funds today.,private your loan of is pre approved no credit check required click to receive funds today,1,Spam
ALERT: Your bank account has been temporarily locked. Verify your credentials immediately at http://secure-bank-login-verify.com to avoid suspension.,alert your bank account has been temporarily locked verify your credentials immediately at to avoid suspension,1,Spam
Hot singles in your area want to meet you! Reply YES to 69696 to chat now. £1.50 per msg.,hot singles in your area want to meet you reply yes to to chat now per msg,1,Spam
CLAIM NOW: You have 1 unread urgent notification regarding your unclaimed tax refund of £450. Click link to deposit.,claim now you have unread urgent notification regarding your unclaimed tax refund of click link to deposit,1,Spam
Double your money in 24 hours with crypto trading bot! Guaranteed 100% daily return. Join Telegram group t.me/fastcrypto,double your money in hours with crypto trading bot guaranteed daily return join telegram group t me fastcrypto,1,Spam
Final warning! Your package delivery failed due to unpaid shipping fee of $2.99. Pay now at http://postal-redelivery-notice.com,final warning your package delivery failed due to unpaid shipping fee of pay now at,1,Spam
URGENT! You have won a 1000 cash prize or a free iPhone! Call 09061701461 now to claim your reward. Claim code: TXT54. Valid 12 hours only!,urgent you have won a cash prize or a free iphone call now to claim your reward claim code txt valid hours only,1,Spam
WINNER! As a valued network customer you have been selected to receive a £900 gift voucher. Reply WIN to 87077 immediately!,winner as a valued network customer you have been selected to receive a gift voucher reply win to immediately,1,Spam
FREE ENTRY into our £250 weekly lottery draw! Text CHOICE to 85023 to enter. Terms and conditions apply. 16+,free entry into our weekly lottery draw text choice to to enter terms and conditions apply,1,Spam
CONGRATULATIONS! You have been awarded a free holiday to Spain. Call 08712400603 now to book your flights. T&C Apply.,congratulations you have been awarded a free holiday to spain call now to book your flights t c apply,1,Spam
PRIVATE! Your loan of £5000 is pre-approved! No credit check required. Click http://free-cash-now.com to receive funds today.,private your loan of is pre approved no credit check required click to receive funds today,1,Spam
ALERT: Your bank account has been temporarily locked. Verify your credentials immediately at http://secure-bank-login-verify.com to avoid suspension.,alert your bank account has been temporarily locked verify your credentials immediately at to avoid suspension,1,Spam
Hot singles in your area want to meet you! Reply YES to 69696 to chat now. £1.50 per msg.,hot singles in your area want to meet you reply yes to to chat now per msg,1,Spam
CLAIM NOW: You have 1 unread urgent notification regarding your unclaimed tax refund of £450. Click link to deposit.,claim now you have unread urgent notification regarding your unclaimed tax refund of click link to deposit,1,Spam
Double your money in 24 hours with crypto trading bot! Guaranteed 100% daily return. Join Telegram group t.me/fastcrypto,double your money in hours with crypto trading bot guaranteed daily return join telegram group t me fastcrypto,1,Spam
Final warning! Your package delivery failed due to unpaid shipping fee of $2.99. Pay now at http://postal-redelivery-notice.com,final warning your package delivery failed due to unpaid shipping fee of pay now at,1,Spam
URGENT! You have won a 1000 cash prize or a free iPhone! Call 09061701461 now to claim your reward. Claim code: TXT54. Valid 12 hours only!,urgent you have won a cash prize or a free iphone call now to claim your reward claim code txt valid hours only,1,Spam
WINNER! As a valued network customer you have been selected to receive a £900 gift voucher. Reply WIN to 87077 immediately!,winner as a valued network customer you have been selected to receive a gift voucher reply win to immediately,1,Spam
FREE ENTRY into our £250 weekly lottery draw! Text CHOICE to 85023 to enter. Terms and conditions apply. 16+,free entry into our weekly lottery draw text choice to to enter terms and conditions apply,1,Spam
CONGRATULATIONS! You have been awarded a free holiday to Spain. Call 08712400603 now to book your flights. T&C Apply.,congratulations you have been awarded a free holiday to spain call now to book your flights t c apply,1,Spam
PRIVATE! Your loan of £5000 is pre-approved! No credit check required. Click http://free-cash-now.com to receive funds today.,private your loan of is pre approved no credit check required click to receive funds today,1,Spam
ALERT: Your bank account has been temporarily locked. Verify your credentials immediately at http://secure-bank-login-verify.com to avoid suspension.,alert your bank account has been temporarily locked verify your credentials immediately at to avoid suspension,1,Spam
Hot singles in your area want to meet you! Reply YES to 69696 to chat now. £1.50 per msg.,hot singles in your area want to meet you reply yes to to chat now per msg,1,Spam
CLAIM NOW: You have 1 unread urgent notification regarding your unclaimed tax refund of £450. Click link to deposit.,claim now you have unread urgent notification regarding your unclaimed tax refund of click link to deposit,1,Spam
Double your money in 24 hours with crypto trading bot! Guaranteed 100% daily return. Join Telegram group t.me/fastcrypto,double your money in hours with crypto trading bot guaranteed daily return join telegram group t me fastcrypto,1,Spam
Final warning! Your package delivery failed due to unpaid shipping fee of $2.99. Pay now at http://postal-redelivery-notice.com,final warning your package delivery failed due to unpaid shipping fee of pay now at,1,Spam
URGENT! You have won a 1000 cash prize or a free iPhone! Call 09061701461 now to claim your reward. Claim code: TXT54. Valid 12 hours only!,urgent you have won a cash prize or a free iphone call now to claim your reward claim code txt valid hours only,1,Spam
WINNER! As a valued network customer you have been selected to receive a £900 gift voucher. Reply WIN to 87077 immediately!,winner as a valued network customer you have been selected to receive a gift voucher reply win to immediately,1,Spam
FREE ENTRY into our £250 weekly lottery draw! Text CHOICE to 85023 to enter. Terms and conditions apply. 16+,free entry into our weekly lottery draw text choice to to enter terms and conditions apply,1,Spam
CONGRATULATIONS! You have been awarded a free holiday to Spain. Call 08712400603 now to book your flights. T&C Apply.,congratulations you have been awarded a free holiday to spain call now to book your flights t c apply,1,Spam
PRIVATE! Your loan of £5000 is pre-approved! No credit check required. Click http://free-cash-now.com to receive funds today.,private your loan of is pre approved no credit check required click to receive funds today,1,Spam
ALERT: Your bank account has been temporarily locked. Verify your credentials immediately at http://secure-bank-login-verify.com to avoid suspension.,alert your bank account has been temporarily locked verify your credentials immediately at to avoid suspension,1,Spam
Hot singles in your area want to meet you! Reply YES to 69696 to chat now. £1.50 per msg.,hot singles in your area want to meet you reply yes to to chat now per msg,1,Spam
CLAIM NOW: You have 1 unread urgent notification regarding your unclaimed tax refund of £450. Click link to deposit.,claim now you have unread urgent notification regarding your unclaimed tax refund of click link to deposit,1,Spam
Double your money in 24 hours with crypto trading bot! Guaranteed 100% daily return. Join Telegram group t.me/fastcrypto,double your money in hours with crypto trading bot guaranteed daily return join telegram group t me fastcrypto,1,Spam
Final warning! Your package delivery failed due to unpaid shipping fee of $2.99. Pay now at http://postal-redelivery-notice.com,final warning your package delivery failed due to unpaid shipping fee of pay now at,1,Spam
"Hey, are we still meeting for lunch today at 12:30? Let me know if you want to grab coffee afterwards.",hey are we still meeting for lunch today at let me know if you want to grab coffee afterwards,0,Ham
"Hi Mom, just letting you know I arrived safely at the train station. Will see you soon!",hi mom just letting you know i arrived safely at the train station will see you soon,0,Ham
Don't forget to bring the project slides for tomorrow's team presentation. See you at the office.,don t forget to bring the project slides for tomorrow s team presentation see you at the office,0,Ham
Can you send me the recipe for that pasta dish you made last weekend? It was super delicious!,can you send me the recipe for that pasta dish you made last weekend it was super delicious,0,Ham
"Running a bit late due to traffic, should be there in about 15 minutes. Sorry for the delay!",running a bit late due to traffic should be there in about minutes sorry for the delay,0,Ham
The professor shifted the assignment deadline to Friday midnight. Check the course portal for details.,the professor shifted the assignment deadline to friday midnight check the course portal for details,0,Ham
Thanks for helping me fix the code issue yesterday. Everything is compiling cleanly now!,thanks for helping me fix the code issue yesterday everything is compiling cleanly now,0,Ham
Are you free for a quick phone call this afternoon to discuss the weekend trip plans?,are you free for a quick phone call this afternoon to discuss the weekend trip plans,0,Ham
I left my jacket in your car yesterday. Do you mind bringing it over when you come by?,i left my jacket in your car yesterday do you mind bringing it over when you come by,0,Ham
Great job on the presentation today! The client was really impressed with our proposal.,great job on the presentation today the client was really impressed with our proposal,0,Ham
"Hey, are we still meeting for lunch today at 12:30? Let me know if you want to grab coffee afterwards.",hey are we still meeting for lunch today at let me know if you want to grab coffee afterwards,0,Ham
"Hi Mom, just letting you know I arrived safely at the train station. Will see you soon!",hi mom just letting you know i arrived safely at the train station will see you soon,0,Ham
Don't forget to bring the project slides for tomorrow's team presentation. See you at the office.,don t forget to bring the project slides for tomorrow s team presentation see you at the office,0,Ham
Can you send me the recipe for that pasta dish you made last weekend? It was super delicious!,can you send me the recipe for that pasta dish you made last weekend it was super delicious,0,Ham
"Running a bit late due to traffic, should be there in about 15 minutes. Sorry for the delay!",running a bit late due to traffic should be there in about minutes sorry for the delay,0,Ham
The professor shifted the assignment deadline to Friday midnight. Check the course portal for details.,the professor shifted the assignment deadline to friday midnight check the course portal for details,0,Ham
Thanks for helping me fix the code issue yesterday. Everything is compiling cleanly now!,thanks for helping me fix the code issue yesterday everything is compiling cleanly now,0,Ham
Are you free for a quick phone call this afternoon to discuss the weekend trip plans?,are you free for a quick phone call this afternoon to discuss the weekend trip plans,0,Ham
I left my jacket in your car yesterday. Do you mind bringing it over when you come by?,i left my jacket in your car yesterday do you mind bringing it over when you come by,0,Ham
Great job on the presentation today! The client was really impressed with our proposal.,great job on the presentation today the client was really impressed with our proposal,0,Ham
"Hey, are we still meeting for lunch today at 12:30? Let me know if you want to grab coffee afterwards.",hey are we still meeting for lunch today at let me know if you want to grab coffee afterwards,0,Ham
"Hi Mom, just letting you know I arrived safely at the train station. Will see you soon!",hi mom just letting you know i arrived safely at the train station will see you soon,0,Ham
Don't forget to bring the project slides for tomorrow's team presentation. See you at the office.,don t forget to bring the project slides for tomorrow s team presentation see you at the office,0,Ham
Can you send me the recipe for that pasta dish you made last weekend? It was super delicious!,can you send me the recipe for that pasta dish you made last weekend it was super delicious,0,Ham
"Running a bit late due to traffic, should be there in about 15 minutes. Sorry for the delay!",running a bit late due to traffic should be there in about minutes sorry for the delay,0,Ham
The professor shifted the assignment deadline to Friday midnight. Check the course portal for details.,the professor shifted the assignment deadline to friday midnight check the course portal for details,0,Ham
Thanks for helping me fix the code issue yesterday. Everything is compiling cleanly now!,thanks for helping me fix the code issue yesterday everything is compiling cleanly now,0,Ham
Are you free for a quick phone call this afternoon to discuss the weekend trip plans?,are you free for a quick phone call this afternoon to discuss the weekend trip plans,0,Ham
I left my jacket in your car yesterday. Do you mind bringing it over when you come by?,i left my jacket in your car yesterday do you mind bringing it over when you come by,0,Ham
Great job on the presentation today! The client was really impressed with our proposal.,great job on the presentation today the client was really impressed with our proposal,0,Ham
"Hey, are we still meeting for lunch today at 12:30? Let me know if you want to grab coffee afterwards.",hey are we still meeting for lunch today at let me know if you want to grab coffee afterwards,0,Ham
"Hi Mom, just letting you know I arrived safely at the train station. Will see you soon!",hi mom just letting you know i arrived safely at the train station will see you soon,0,Ham
Don't forget to bring the project slides for tomorrow's team presentation. See you at the office.,don t forget to bring the project slides for tomorrow s team presentation see you at the office,0,Ham
Can you send me the recipe for that pasta dish you made last weekend? It was super delicious!,can you send me the recipe for that pasta dish you made last weekend it was super delicious,0,Ham
"Running a bit late due to traffic, should be there in about 15 minutes. Sorry for the delay!",running a bit late due to traffic should be there in about minutes sorry for the delay,0,Ham
The professor shifted the assignment deadline to Friday midnight. Check the course portal for details.,the professor shifted the assignment deadline to friday midnight check the course portal for details,0,Ham
Thanks for helping me fix the code issue yesterday. Everything is compiling cleanly now!,thanks for helping me fix the code issue yesterday everything is compiling cleanly now,0,Ham
Are you free for a quick phone call this afternoon to discuss the weekend trip plans?,are you free for a quick phone call this afternoon to discuss the weekend trip plans,0,Ham
I left my jacket in your car yesterday. Do you mind bringing it over when you come by?,i left my jacket in your car yesterday do you mind bringing it over when you come by,0,Ham
Great job on the presentation today! The client was really impressed with our proposal.,great job on the presentation today the client was really impressed with our proposal,0,Ham
"Hey, are we still meeting for lunch today at 12:30? Let me know if you want to grab coffee afterwards.",hey are we still meeting for lunch today at let me know if you want to grab coffee afterwards,0,Ham
"Hi Mom, just letting you know I arrived safely at the train station. Will see you soon!",hi mom just letting you know i arrived safely at the train station will see you soon,0,Ham
Don't forget to bring the project slides for tomorrow's team presentation. See you at the office.,don t forget to bring the project slides for tomorrow s team presentation see you at the office,0,Ham
Can you send me the recipe for that pasta dish you made last weekend? It was super delicious!,can you send me the recipe for that pasta dish you made last weekend it was super delicious,0,Ham
"Running a bit late due to traffic, should be there in about 15 minutes. Sorry for the delay!",running a bit late due to traffic should be there in about minutes sorry for the delay,0,Ham
The professor shifted the assignment deadline to Friday midnight. Check the course portal for details.,the professor shifted the assignment deadline to friday midnight check the course portal for details,0,Ham
Thanks for helping me fix the code issue yesterday. Everything is compiling cleanly now!,thanks for helping me fix the code issue yesterday everything is compiling cleanly now,0,Ham
Are you free for a quick phone call this afternoon to discuss the weekend trip plans?,are you free for a quick phone call this afternoon to discuss the weekend trip plans,0,Ham
I left my jacket in your car yesterday. Do you mind bringing it over when you come by?,i left my jacket in your car yesterday do you mind bringing it over when you come by,0,Ham
Great job on the presentation today! The client was really impressed with our proposal.,great job on the presentation today the client was really impressed with our proposal,0,Ham
"Hey, are we still meeting for lunch today at 12:30? Let me know if you want to grab coffee afterwards.",hey are we still meeting for lunch today at let me know if you want to grab coffee afterwards,0,Ham
"Hi Mom, just letting you know I arrived safely at the train station. Will see you soon!",hi mom just letting you know i arrived safely at the train station will see you soon,0,Ham
Don't forget to bring the project slides for tomorrow's team presentation. See you at the office.,don t forget to bring the project slides for tomorrow s team presentation see you at the office,0,Ham
Can you send me the recipe for that pasta dish you made last weekend? It was super delicious!,can you send me the recipe for that pasta dish you made last weekend it was super delicious,0,Ham
"Running a bit late due to traffic, should be there in about 15 minutes. Sorry for the delay!",running a bit late due to traffic should be there in about minutes sorry for the delay,0,Ham
The professor shifted the assignment deadline to Friday midnight. Check the course portal for details.,the professor shifted the assignment deadline to friday midnight check the course portal for details,0,Ham
Thanks for helping me fix the code issue yesterday. Everything is compiling cleanly now!,thanks for helping me fix the code issue yesterday everything is compiling cleanly now,0,Ham
Are you free for a quick phone call this afternoon to discuss the weekend trip plans?,are you free for a quick phone call this afternoon to discuss the weekend trip plans,0,Ham
I left my jacket in your car yesterday. Do you mind bringing it over when you come by?,i left my jacket in your car yesterday do you mind bringing it over when you come by,0,Ham
Great job on the presentation today! The client was really impressed with our proposal.,great job on the presentation today the client was really impressed with our proposal,0,Ham
"Hey, are we still meeting for lunch today at 12:30? Let me know if you want to grab coffee afterwards.",hey are we still meeting for lunch today at let me know if you want to grab coffee afterwards,0,Ham
"Hi Mom, just letting you know I arrived safely at the train station. Will see you soon!",hi mom just letting you know i arrived safely at the train station will see you soon,0,Ham
Don't forget to bring the project slides for tomorrow's team presentation. See you at the office.,don t forget to bring the project slides for tomorrow s team presentation see you at the office,0,Ham
Can you send me the recipe for that pasta dish you made last weekend? It was super delicious!,can you send me the recipe for that pasta dish you made last weekend it was super delicious,0,Ham
"Running a bit late due to traffic, should be there in about 15 minutes. Sorry for the delay!",running a bit late due to traffic should be there in about minutes sorry for the delay,0,Ham
The professor shifted the assignment deadline to Friday midnight. Check the course portal for details.,the professor shifted the assignment deadline to friday midnight check the course portal for details,0,Ham
Thanks for helping me fix the code issue yesterday. Everything is compiling cleanly now!,thanks for helping me fix the code issue yesterday everything is compiling cleanly now,0,Ham
Are you free for a quick phone call this afternoon to discuss the weekend trip plans?,are you free for a quick phone call this afternoon to discuss the weekend trip plans,0,Ham
I left my jacket in your car yesterday. Do you mind bringing it over when you come by?,i left my jacket in your car yesterday do you mind bringing it over when you come by,0,Ham
Great job on the presentation today! The client was really impressed with our proposal.,great job on the presentation today the client was really impressed with our proposal,0,Ham
"Hey, are we still meeting for lunch today at 12:30? Let me know if you want to grab coffee afterwards.",hey are we still meeting for lunch today at let me know if you want to grab coffee afterwards,0,Ham
"Hi Mom, just letting you know I arrived safely at the train station. Will see you soon!",hi mom just letting you know i arrived safely at the train station will see you soon,0,Ham
Don't forget to bring the project slides for tomorrow's team presentation. See you at the office.,don t forget to bring the project slides for tomorrow s team presentation see you at the office,0,Ham
Can you send me the recipe for that pasta dish you made last weekend? It was super delicious!,can you send me the recipe for that pasta dish you made last weekend it was super delicious,0,Ham
"Running a bit late due to traffic, should be there in about 15 minutes. Sorry for the delay!",running a bit late due to traffic should be there in about minutes sorry for the delay,0,Ham
The professor shifted the assignment deadline to Friday midnight. Check the course portal for details.,the professor shifted the assignment deadline to friday midnight check the course portal for details,0,Ham
Thanks for helping me fix the code issue yesterday. Everything is compiling cleanly now!,thanks for helping me fix the code issue yesterday everything is compiling cleanly now,0,Ham
Are you free for a quick phone call this afternoon to discuss the weekend trip plans?,are you free for a quick phone call this afternoon to discuss the weekend trip plans,0,Ham
I left my jacket in your car yesterday. Do you mind bringing it over when you come by?,i left my jacket in your car yesterday do you mind bringing it over when you come by,0,Ham
Great job on the presentation today! The client was really impressed with our proposal.,great job on the presentation today the client was really impressed with our proposal,0,Ham
"Hey, are we still meeting for lunch today at 12:30? Let me know if you want to grab coffee afterwards.",hey are we still meeting for lunch today at let me know if you want to grab coffee afterwards,0,Ham
"Hi Mom, just letting you know I arrived safely at the train station. Will see you soon!",hi mom just letting you know i arrived safely at the train station will see you soon,0,Ham
Don't forget to bring the project slides for tomorrow's team presentation. See you at the office.,don t forget to bring the project slides for tomorrow s team presentation see you at the office,0,Ham
Can you send me the recipe for that pasta dish you made last weekend? It was super delicious!,can you send me the recipe for that pasta dish you made last weekend it was super delicious,0,Ham
"Running a bit late due to traffic, should be there in about 15 minutes. Sorry for the delay!",running a bit late due to traffic should be there in about minutes sorry for the delay,0,Ham
The professor shifted the assignment deadline to Friday midnight. Check the course portal for details.,the professor shifted the assignment deadline to friday midnight check the course portal for details,0,Ham
Thanks for helping me fix the code issue yesterday. Everything is compiling cleanly now!,thanks for helping me fix the code issue yesterday everything is compiling cleanly now,0,Ham
Are you free for a quick phone call this afternoon to discuss the weekend trip plans?,are you free for a quick phone call this afternoon to discuss the weekend trip plans,0,Ham
I left my jacket in your car yesterday. Do you mind bringing it over when you come by?,i left my jacket in your car yesterday do you mind bringing it over when you come by,0,Ham
Great job on the presentation today! The client was really impressed with our proposal.,great job on the presentation today the client was really impressed with our proposal,0,Ham
"Hey, are we still meeting for lunch today at 12:30? Let me know if you want to grab coffee afterwards.",hey are we still meeting for lunch today at let me know if you want to grab coffee afterwards,0,Ham
"Hi Mom, just letting you know I arrived safely at the train station. Will see you soon!",hi mom just letting you know i arrived safely at the train station will see you soon,0,Ham
Don't forget to bring the project slides for tomorrow's team presentation. See you at the office.,don t forget to bring the project slides for tomorrow s team presentation see you at the office,0,Ham
Can you send me the recipe for that pasta dish you made last weekend? It was super delicious!,can you send me the recipe for that pasta dish you made last weekend it was super delicious,0,Ham
"Running a bit late due to traffic, should be there in about 15 minutes. Sorry for the delay!",running a bit late due to traffic should be there in about minutes sorry for the delay,0,Ham
The professor shifted the assignment deadline to Friday midnight. Check the course portal for details.,the professor shifted the assignment deadline to friday midnight check the course portal for details,0,Ham
Thanks for helping me fix the code issue yesterday. Everything is compiling cleanly now!,thanks for helping me fix the code issue yesterday everything is compiling cleanly now,0,Ham
Are you free for a quick phone call this afternoon to discuss the weekend trip plans?,are you free for a quick phone call this afternoon to discuss the weekend trip plans,0,Ham
I left my jacket in your car yesterday. Do you mind bringing it over when you come by?,i left my jacket in your car yesterday do you mind bringing it over when you come by,0,Ham
Great job on the presentation today! The client was really impressed with our proposal.,great job on the presentation today the client was really impressed with our proposal,0,Ham
"Hey, are we still meeting for lunch today at 12:30? Let me know if you want to grab coffee afterwards.",hey are we still meeting for lunch today at let me know if you want to grab coffee afterwards,0,Ham
"Hi Mom, just letting you know I arrived safely at the train station. Will see you soon!",hi mom just letting you know i arrived safely at the train station will see you soon,0,Ham
Don't forget to bring the project slides for tomorrow's team presentation. See you at the office.,don t forget to bring the project slides for tomorrow s team presentation see you at the office,0,Ham
Can you send me the recipe for that pasta dish you made last weekend? It was super delicious!,can you send me the recipe for that pasta dish you made last weekend it was super delicious,0,Ham
"Running a bit late due to traffic, should be there in about 15 minutes. Sorry for the delay!",running a bit late due to traffic should be there in about minutes sorry for the delay,0,Ham
The professor shifted the assignment deadline to Friday midnight. Check the course portal for details.,the professor shifted the assignment deadline to friday midnight check the course portal for details,0,Ham
Thanks for helping me fix the code issue yesterday. Everything is compiling cleanly now!,thanks for helping me fix the code issue yesterday everything is compiling cleanly now,0,Ham
Are you free for a quick phone call this afternoon to discuss the weekend trip plans?,are you free for a quick phone call this afternoon to discuss the weekend trip plans,0,Ham
I left my jacket in your car yesterday. Do you mind bringing it over when you come by?,i left my jacket in your car yesterday do you mind bringing it over when you come by,0,Ham
Great job on the presentation today! The client was really impressed with our proposal.,great job on the presentation today the client was really impressed with our proposal,0,Ham
"Hey, are we still meeting for lunch today at 12:30? Let me know if you want to grab coffee afterwards.",hey are we still meeting for lunch today at let me know if you want to grab coffee afterwards,0,Ham
"Hi Mom, just letting you know I arrived safely at the train station. Will see you soon!",hi mom just letting you know i arrived safely at the train station will see you soon,0,Ham
Don't forget to bring the project slides for tomorrow's team presentation. See you at the office.,don t forget to bring the project slides for tomorrow s team presentation see you at the office,0,Ham
Can you send me the recipe for that pasta dish you made last weekend? It was super delicious!,can you send me the recipe for that pasta dish you made last weekend it was super delicious,0,Ham
"Running a bit late due to traffic, should be there in about 15 minutes. Sorry for the delay!",running a bit late due to traffic should be there in about minutes sorry for the delay,0,Ham
The professor shifted the assignment deadline to Friday midnight. Check the course portal for details.,the professor shifted the assignment deadline to friday midnight check the course portal for details,0,Ham
Thanks for helping me fix the code issue yesterday. Everything is compiling cleanly now!,thanks for helping me fix the code issue yesterday everything is compiling cleanly now,0,Ham
Are you free for a quick phone call this afternoon to discuss the weekend trip plans?,are you free for a quick phone call this afternoon to discuss the weekend trip plans,0,Ham
I left my jacket in your car yesterday. Do you mind bringing it over when you come by?,i left my jacket in your car yesterday do you mind bringing it over when you come by,0,Ham
Great job on the presentation today! The client was really impressed with our proposal.,great job on the presentation today the client was really impressed with our proposal,0,Ham
"Hey, are we still meeting for lunch today at 12:30? Let me know if you want to grab coffee afterwards.",hey are we still meeting for lunch today at let me know if you want to grab coffee afterwards,0,Ham
"Hi Mom, just letting you know I arrived safely at the train station. Will see you soon!",hi mom just letting you know i arrived safely at the train station will see you soon,0,Ham
Don't forget to bring the project slides for tomorrow's team presentation. See you at the office.,don t forget to bring the project slides for tomorrow s team presentation see you at the office,0,Ham
Can you send me the recipe for that pasta dish you made last weekend? It was super delicious!,can you send me the recipe for that pasta dish you made last weekend it was super delicious,0,Ham
"Running a bit late due to traffic, should be there in about 15 minutes. Sorry for the delay!",running a bit late due to traffic should be there in about minutes sorry for the delay,0,Ham
The professor shifted the assignment deadline to Friday midnight. Check the course portal for details.,the professor shifted the assignment deadline to friday midnight check the course portal for details,0,Ham
Thanks for helping me fix the code issue yesterday. Everything is compiling cleanly now!,thanks for helping me fix the code issue yesterday everything is compiling cleanly now,0,Ham
Are you free for a quick phone call this afternoon to discuss the weekend trip plans?,are you free for a quick phone call this afternoon to discuss the weekend trip plans,0,Ham
I left my jacket in your car yesterday. Do you mind bringing it over when you come by?,i left my jacket in your car yesterday do you mind bringing it over when you come by,0,Ham
Great job on the presentation today! The client was really impressed with our proposal.,great job on the presentation today the client was really impressed with our proposal,0,Ham
"Hey, are we still meeting for lunch today at 12:30? Let me know if you want to grab coffee afterwards.",hey are we still meeting for lunch today at let me know if you want to grab coffee afterwards,0,Ham
"Hi Mom, just letting you know I arrived safely at the train station. Will see you soon!",hi mom just letting you know i arrived safely at the train station will see you soon,0,Ham
Don't forget to bring the project slides for tomorrow's team presentation. See you at the office.,don t forget to bring the project slides for tomorrow s team presentation see you at the office,0,Ham
Can you send me the recipe for that pasta dish you made last weekend? It was super delicious!,can you send me the recipe for that pasta dish you made last weekend it was super delicious,0,Ham
"Running a bit late due to traffic, should be there in about 15 minutes. Sorry for the delay!",running a bit late due to traffic should be there in about minutes sorry for the delay,0,Ham
The professor shifted the assignment deadline to Friday midnight. Check the course portal for details.,the professor shifted the assignment deadline to friday midnight check the course portal for details,0,Ham
Thanks for helping me fix the code issue yesterday. Everything is compiling cleanly now!,thanks for helping me fix the code issue yesterday everything is compiling cleanly now,0,Ham
Are you free for a quick phone call this afternoon to discuss the weekend trip plans?,are you free for a quick phone call this afternoon to discuss the weekend trip plans,0,Ham
I left my jacket in your car yesterday. Do you mind bringing it over when you come by?,i left my jacket in your car yesterday do you mind bringing it over when you come by,0,Ham
Great job on the presentation today! The client was really impressed with our proposal.,great job on the presentation today the client was really impressed with our proposal,0,Ham
"Hey, are we still meeting for lunch today at 12:30? Let me know if you want to grab coffee afterwards.",hey are we still meeting for lunch today at let me know if you want to grab coffee afterwards,0,Ham
"Hi Mom, just letting you know I arrived safely at the train station. Will see you soon!",hi mom just letting you know i arrived safely at the train station will see you soon,0,Ham
Don't forget to bring the project slides for tomorrow's team presentation. See you at the office.,don t forget to bring the project slides for tomorrow s team presentation see you at the office,0,Ham
Can you send me the recipe for that pasta dish you made last weekend? It was super delicious!,can you send me the recipe for that pasta dish you made last weekend it was super delicious,0,Ham
"Running a bit late due to traffic, should be there in about 15 minutes. Sorry for the delay!",running a bit late due to traffic should be there in about minutes sorry for the delay,0,Ham
The professor shifted the assignment deadline to Friday midnight. Check the course portal for details.,the professor shifted the assignment deadline to friday midnight check the course portal for details,0,Ham
Thanks for helping me fix the code issue yesterday. Everything is compiling cleanly now!,thanks for helping me fix the code issue yesterday everything is compiling cleanly now,0,Ham
Are you free for a quick phone call this afternoon to discuss the weekend trip plans?,are you free for a quick phone call this afternoon to discuss the weekend trip plans,0,Ham
I left my jacket in your car yesterday. Do you mind bringing it over when you come by?,i left my jacket in your car yesterday do you mind bringing it over when you come by,0,Ham
Great job on the presentation today! The client was really impressed with our proposal.,great job on the presentation today the client was really impressed with our proposal,0,Ham
"Hey, are we still meeting for lunch today at 12:30? Let me know if you want to grab coffee afterwards.",hey are we still meeting for lunch today at let me know if you want to grab coffee afterwards,0,Ham
"Hi Mom, just letting you know I arrived safely at the train station. Will see you soon!",hi mom just letting you know i arrived safely at the train station will see you soon,0,Ham
Don't forget to bring the project slides for tomorrow's team presentation. See you at the office.,don t forget to bring the project slides for tomorrow s team presentation see you at the office,0,Ham
Can you send me the recipe for that pasta dish you made last weekend? It was super delicious!,can you send me the recipe for that pasta dish you made last weekend it was super delicious,0,Ham
"Running a bit late due to traffic, should be there in about 15 minutes. Sorry for the delay!",running a bit late due to traffic should be there in about minutes sorry for the delay,0,Ham
The professor shifted the assignment deadline to Friday midnight. Check the course portal for details.,the professor shifted the assignment deadline to friday midnight check the course portal for details,0,Ham
Thanks for helping me fix the code issue yesterday. Everything is compiling cleanly now!,thanks for helping me fix the code issue yesterday everything is compiling cleanly now,0,Ham
Are you free for a quick phone call this afternoon to discuss the weekend trip plans?,are you free for a quick phone call this afternoon to discuss the weekend trip plans,0,Ham
I left my jacket in your car yesterday. Do you mind bringing it over when you come by?,i left my jacket in your car yesterday do you mind bringing it over when you come by,0,Ham
Great job on the presentation today! The client was really impressed with our proposal.,great job on the presentation today the client was really impressed with our proposal,0,Ham
"Hey, are we still meeting for lunch today at 12:30? Let me know if you want to grab coffee afterwards.",hey are we still meeting for lunch today at let me know if you want to grab coffee afterwards,0,Ham
"Hi Mom, just letting you know I arrived safely at the train station. Will see you soon!",hi mom just letting you know i arrived safely at the train station will see you soon,0,Ham
Don't forget to bring the project slides for tomorrow's team presentation. See you at the office.,don t forget to bring the project slides for tomorrow s team presentation see you at the office,0,Ham
Can you send me the recipe for that pasta dish you made last weekend? It was super delicious!,can you send me the recipe for that pasta dish you made last weekend it was super delicious,0,Ham
"Running a bit late due to traffic, should be there in about 15 minutes. Sorry for the delay!",running a bit late due to traffic should be there in about minutes sorry for the delay,0,Ham
The professor shifted the assignment deadline to Friday midnight. Check the course portal for details.,the professor shifted the assignment deadline to friday midnight check the course portal for details,0,Ham
Thanks for helping me fix the code issue yesterday. Everything is compiling cleanly now!,thanks for helping me fix the code issue yesterday everything is compiling cleanly now,0,Ham
Are you free for a quick phone call this afternoon to discuss the weekend trip plans?,are you free for a quick phone call this afternoon to discuss the weekend trip plans,0,Ham
I left my jacket in your car yesterday. Do you mind bringing it over when you come by?,i left my jacket in your car yesterday do you mind bringing it over when you come by,0,Ham
Great job on the presentation today! The client was really impressed with our proposal.,great job on the presentation today the client was really impressed with our proposal,0,Ham
"Hey, are we still meeting for lunch today at 12:30? Let me know if you want to grab coffee afterwards.",hey are we still meeting for lunch today at let me know if you want to grab coffee afterwards,0,Ham
"Hi Mom, just letting you know I arrived safely at the train station. Will see you soon!",hi mom just letting you know i arrived safely at the train station will see you soon,0,Ham
Don't forget to bring the project slides for tomorrow's team presentation. See you at the office.,don t forget to bring the project slides for tomorrow s team presentation see you at the office,0,Ham
Can you send me the recipe for that pasta dish you made last weekend? It was super delicious!,can you send me the recipe for that pasta dish you made last weekend it was super delicious,0,Ham
"Running a bit late due to traffic, should be there in about 15 minutes. Sorry for the delay!",running a bit late due to traffic should be there in about minutes sorry for the delay,0,Ham
The professor shifted the assignment deadline to Friday midnight. Check the course portal for details.,the professor shifted the assignment deadline to friday midnight check the course portal for details,0,Ham
Thanks for helping me fix the code issue yesterday. Everything is compiling cleanly now!,thanks for helping me fix the code issue yesterday everything is compiling cleanly now,0,Ham
Are you free for a quick phone call this afternoon to discuss the weekend trip plans?,are you free for a quick phone call this afternoon to discuss the weekend trip plans,0,Ham
I left my jacket in your car yesterday. Do you mind bringing it over when you come by?,i left my jacket in your car yesterday do you mind bringing it over when you come by,0,Ham
Great job on the presentation today! The client was really impressed with our proposal.,great job on the presentation today the client was really impressed with our proposal,0,Ham
"Hey, are we still meeting for lunch today at 12:30? Let me know if you want to grab coffee afterwards.",hey are we still meeting for lunch today at let me know if you want to grab coffee afterwards,0,Ham
"Hi Mom, just letting you know I arrived safely at the train station. Will see you soon!",hi mom just letting you know i arrived safely at the train station will see you soon,0,Ham
Don't forget to bring the project slides for tomorrow's team presentation. See you at the office.,don t forget to bring the project slides for tomorrow s team presentation see you at the office,0,Ham
Can you send me the recipe for that pasta dish you made last weekend? It was super delicious!,can you send me the recipe for that pasta dish you made last weekend it was super delicious,0,Ham
"Running a bit late due to traffic, should be there in about 15 minutes. Sorry for the delay!",running a bit late due to traffic should be there in about minutes sorry for the delay,0,Ham
The professor shifted the assignment deadline to Friday midnight. Check the course portal for details.,the professor shifted the assignment deadline to friday midnight check the course portal for details,0,Ham
Thanks for helping me fix the code issue yesterday. Everything is compiling cleanly now!,thanks for helping me fix the code issue yesterday everything is compiling cleanly now,0,Ham
Are you free for a quick phone call this afternoon to discuss the weekend trip plans?,are you free for a quick phone call this afternoon to discuss the weekend trip plans,0,Ham
I left my jacket in your car yesterday. Do you mind bringing it over when you come by?,i left my jacket in your car yesterday do you mind bringing it over when you come by,0,Ham
Great job on the presentation today! The client was really impressed with our proposal.,great job on the presentation today the client was really impressed with our proposal,0,Ham
"Hey, are we still meeting for lunch today at 12:30? Let me know if you want to grab coffee afterwards.",hey are we still meeting for lunch today at let me know if you want to grab coffee afterwards,0,Ham
"Hi Mom, just letting you know I arrived safely at the train station. Will see you soon!",hi mom just letting you know i arrived safely at the train station will see you soon,0,Ham
Don't forget to bring the project slides for tomorrow's team presentation. See you at the office.,don t forget to bring the project slides for tomorrow s team presentation see you at the office,0,Ham
Can you send me the recipe for that pasta dish you made last weekend? It was super delicious!,can you send me the recipe for that pasta dish you made last weekend it was super delicious,0,Ham
"Running a bit late due to traffic, should be there in about 15 minutes. Sorry for the delay!",running a bit late due to traffic should be there in about minutes sorry for the delay,0,Ham
The professor shifted the assignment deadline to Friday midnight. Check the course portal for details.,the professor shifted the assignment deadline to friday midnight check the course portal for details,0,Ham
Thanks for helping me fix the code issue yesterday. Everything is compiling cleanly now!,thanks for helping me fix the code issue yesterday everything is compiling cleanly now,0,Ham
Are you free for a quick phone call this afternoon to discuss the weekend trip plans?,are you free for a quick phone call this afternoon to discuss the weekend trip plans,0,Ham
I left my jacket in your car yesterday. Do you mind bringing it over when you come by?,i left my jacket in your car yesterday do you mind bringing it over when you come by,0,Ham
Great job on the presentation today! The client was really impressed with our proposal.,great job on the presentation today the client was really impressed with our proposal,0,Ham
"Hey, are we still meeting for lunch today at 12:30? Let me know if you want to grab coffee afterwards.",hey are we still meeting for lunch today at let me know if you want to grab coffee afterwards,0,Ham
"Hi Mom, just letting you know I arrived safely at the train station. Will see you soon!",hi mom just letting you know i arrived safely at the train station will see you soon,0,Ham
Don't forget to bring the project slides for tomorrow's team presentation. See you at the office.,don t forget to bring the project slides for tomorrow s team presentation see you at the office,0,Ham
Can you send me the recipe for that pasta dish you made last weekend? It was super delicious!,can you send me the recipe for that pasta dish you made last weekend it was super delicious,0,Ham
"Running a bit late due to traffic, should be there in about 15 minutes. Sorry for the delay!",running a bit late due to traffic should be there in about minutes sorry for the delay,0,Ham
The professor shifted the assignment deadline to Friday midnight. Check the course portal for details.,the professor shifted the assignment deadline to friday midnight check the course portal for details,0,Ham
Thanks for helping me fix the code issue yesterday. Everything is compiling cleanly now!,thanks for helping me fix the code issue yesterday everything is compiling cleanly now,0,Ham
Are you free for a quick phone call this afternoon to discuss the weekend trip plans?,are you free for a quick phone call this afternoon to discuss the weekend trip plans,0,Ham
I left my jacket in your car yesterday. Do you mind bringing it over when you come by?,i left my jacket in your car yesterday do you mind bringing it over when you come by,0,Ham
Great job on the presentation today! The client was really impressed with our proposal.,great job on the presentation today the client was really impressed with our proposal,0,Ham
"Hey, are we still meeting for lunch today at 12:30? Let me know if you want to grab coffee afterwards.",hey are we still meeting for lunch today at let me know if you want to grab coffee afterwards,0,Ham
"Hi Mom, just letting you know I arrived safely at the train station. Will see you soon!",hi mom just letting you know i arrived safely at the train station will see you soon,0,Ham
Don't forget to bring the project slides for tomorrow's team presentation. See you at the office.,don t forget to bring the project slides for tomorrow s team presentation see you at the office,0,Ham
Can you send me the recipe for that pasta dish you made last weekend? It was super delicious!,can you send me the recipe for that pasta dish you made last weekend it was super delicious,0,Ham
"Running a bit late due to traffic, should be there in about 15 minutes. Sorry for the delay!",running a bit late due to traffic should be there in about minutes sorry for the delay,0,Ham
The professor shifted the assignment deadline to Friday midnight. Check the course portal for details.,the professor shifted the assignment deadline to friday midnight check the course portal for details,0,Ham
Thanks for helping me fix the code issue yesterday. Everything is compiling cleanly now!,thanks for helping me fix the code issue yesterday everything is compiling cleanly now,0,Ham
Are you free for a quick phone call this afternoon to discuss the weekend trip plans?,are you free for a quick phone call this afternoon to discuss the weekend trip plans,0,Ham
I left my jacket in your car yesterday. Do you mind bringing it over when you come by?,i left my jacket in your car yesterday do you mind bringing it over when you come by,0,Ham
Great job on the presentation today! The client was really impressed with our proposal.,great job on the presentation today the client was really impressed with our proposal,0,Ham
"Hey, are we still meeting for lunch today at 12:30? Let me know if you want to grab coffee afterwards.",hey are we still meeting for lunch today at let me know if you want to grab coffee afterwards,0,Ham
"Hi Mom, just letting you know I arrived safely at the train station. Will see you soon!",hi mom just letting you know i arrived safely at the train station will see you soon,0,Ham
Don't forget to bring the project slides for tomorrow's team presentation. See you at the office.,don t forget to bring the project slides for tomorrow s team presentation see you at the office,0,Ham
Can you send me the recipe for that pasta dish you made last weekend? It was super delicious!,can you send me the recipe for that pasta dish you made last weekend it was super delicious,0,Ham
"Running a bit late due to traffic, should be there in about 15 minutes. Sorry for the delay!",running a bit late due to traffic should be there in about minutes sorry for the delay,0,Ham
The professor shifted the assignment deadline to Friday midnight. Check the course portal for details.,the professor shifted the assignment deadline to friday midnight check the course portal for details,0,Ham
Thanks for helping me fix the code issue yesterday. Everything is compiling cleanly now!,thanks for helping me fix the code issue yesterday everything is compiling cleanly now,0,Ham
Are you free for a quick phone call this afternoon to discuss the weekend trip plans?,are you free for a quick phone call this afternoon to discuss the weekend trip plans,0,Ham
I left my jacket in your car yesterday. Do you mind bringing it over when you come by?,i left my jacket in your car yesterday do you mind bringing it over when you come by,0,Ham
Great job on the presentation today! The client was really impressed with our proposal.,great job on the presentation today the client was really impressed with our proposal,0,Ham
"Hey, are we still meeting for lunch today at 12:30? Let me know if you want to grab coffee afterwards.",hey are we still meeting for lunch today at let me know if you want to grab coffee afterwards,0,Ham
"Hi Mom, just letting you know I arrived safely at the train station. Will see you soon!",hi mom just letting you know i arrived safely at the train station will see you soon,0,Ham
Don't forget to bring the project slides for tomorrow's team presentation. See you at the office.,don t forget to bring the project slides for tomorrow s team presentation see you at the office,0,Ham
Can you send me the recipe for that pasta dish you made last weekend? It was super delicious!,can you send me the recipe for that pasta dish you made last weekend it was super delicious,0,Ham
"Running a bit late due to traffic, should be there in about 15 minutes. Sorry for the delay!",running a bit late due to traffic should be there in about minutes sorry for the delay,0,Ham
The professor shifted the assignment deadline to Friday midnight. Check the course portal for details.,the professor shifted the assignment deadline to friday midnight check the course portal for details,0,Ham
Thanks for helping me fix the code issue yesterday. Everything is compiling cleanly now!,thanks for helping me fix the code issue yesterday everything is compiling cleanly now,0,Ham
Are you free for a quick phone call this afternoon to discuss the weekend trip plans?,are you free for a quick phone call this afternoon to discuss the weekend trip plans,0,Ham
I left my jacket in your car yesterday. Do you mind bringing it over when you come by?,i left my jacket in your car yesterday do you mind bringing it over when you come by,0,Ham
Great job on the presentation today! The client was really impressed with our proposal.,great job on the presentation today the client was really impressed with our proposal,0,Ham
"Hey, are we still meeting for lunch today at 12:30? Let me know if you want to grab coffee afterwards.",hey are we still meeting for lunch today at let me know if you want to grab coffee afterwards,0,Ham
"Hi Mom, just letting you know I arrived safely at the train station. Will see you soon!",hi mom just letting you know i arrived safely at the train station will see you soon,0,Ham
Don't forget to bring the project slides for tomorrow's team presentation. See you at the office.,don t forget to bring the project slides for tomorrow s team presentation see you at the office,0,Ham
Can you send me the recipe for that pasta dish you made last weekend? It was super delicious!,can you send me the recipe for that pasta dish you made last weekend it was super delicious,0,Ham
"Running a bit late due to traffic, should be there in about 15 minutes. Sorry for the delay!",running a bit late due to traffic should be there in about minutes sorry for the delay,0,Ham
The professor shifted the assignment deadline to Friday midnight. Check the course portal for details.,the professor shifted the assignment deadline to friday midnight check the course portal for details,0,Ham
Thanks for helping me fix the code issue yesterday. Everything is compiling cleanly now!,thanks for helping me fix the code issue yesterday everything is compiling cleanly now,0,Ham
Are you free for a quick phone call this afternoon to discuss the weekend trip plans?,are you free for a quick phone call this afternoon to discuss the weekend trip plans,0,Ham
I left my jacket in your car yesterday. Do you mind bringing it over when you come by?,i left my jacket in your car yesterday do you mind bringing it over when you come by,0,Ham
Great job on the presentation today! The client was really impressed with our proposal.,great job on the presentation today the client was really impressed with our proposal,0,Ham
"Hey, are we still meeting for lunch today at 12:30? Let me know if you want to grab coffee afterwards.",hey are we still meeting for lunch today at let me know if you want to grab coffee afterwards,0,Ham
"Hi Mom, just letting you know I arrived safely at the train station. Will see you soon!",hi mom just letting you know i arrived safely at the train station will see you soon,0,Ham
Don't forget to bring the project slides for tomorrow's team presentation. See you at the office.,don t forget to bring the project slides for tomorrow s team presentation see you at the office,0,Ham
Can you send me the recipe for that pasta dish you made last weekend? It was super delicious!,can you send me the recipe for that pasta dish you made last weekend it was super delicious,0,Ham
"Running a bit late due to traffic, should be there in about 15 minutes. Sorry for the delay!",running a bit late due to traffic should be there in about minutes sorry for the delay,0,Ham
The professor shifted the assignment deadline to Friday midnight. Check the course portal for details.,the professor shifted the assignment deadline to friday midnight check the course portal for details,0,Ham
Thanks for helping me fix the code issue yesterday. Everything is compiling cleanly now!,thanks for helping me fix the code issue yesterday everything is compiling cleanly now,0,Ham
Are you free for a quick phone call this afternoon to discuss the weekend trip plans?,are you free for a quick phone call this afternoon to discuss the weekend trip plans,0,Ham
I left my jacket in your car yesterday. Do you mind bringing it over when you come by?,i left my jacket in your car yesterday do you mind bringing it over when you come by,0,Ham
Great job on the presentation today! The client was really impressed with our proposal.,great job on the presentation today the client was really impressed with our proposal,0,Ham
"Hey, are we still meeting for lunch today at 12:30? Let me know if you want to grab coffee afterwards.",hey are we still meeting for lunch today at let me know if you want to grab coffee afterwards,0,Ham
"Hi Mom, just letting you know I arrived safely at the train station. Will see you soon!",hi mom just letting you know i arrived safely at the train station will see you soon,0,Ham
Don't forget to bring the project slides for tomorrow's team presentation. See you at the office.,don t forget to bring the project slides for tomorrow s team presentation see you at the office,0,Ham
Can you send me the recipe for that pasta dish you made last weekend? It was super delicious!,can you send me the recipe for that pasta dish you made last weekend it was super delicious,0,Ham
"Running a bit late due to traffic, should be there in about 15 minutes. Sorry for the delay!",running a bit late due to traffic should be there in about minutes sorry for the delay,0,Ham
The professor shifted the assignment deadline to Friday midnight. Check the course portal for details.,the professor shifted the assignment deadline to friday midnight check the course portal for details,0,Ham
Thanks for helping me fix the code issue yesterday. Everything is compiling cleanly now!,thanks for helping me fix the code issue yesterday everything is compiling cleanly now,0,Ham
Are you free for a quick phone call this afternoon to discuss the weekend trip plans?,are you free for a quick phone call this afternoon to discuss the weekend trip plans,0,Ham
I left my jacket in your car yesterday. Do you mind bringing it over when you come by?,i left my jacket in your car yesterday do you mind bringing it over when you come by,0,Ham
Great job on the presentation today! The client was really impressed with our proposal.,great job on the presentation today the client was really impressed with our proposal,0,Ham
"Hey, are we still meeting for lunch today at 12:30? Let me know if you want to grab coffee afterwards.",hey are we still meeting for lunch today at let me know if you want to grab coffee afterwards,0,Ham
"Hi Mom, just letting you know I arrived safely at the train station. Will see you soon!",hi mom just letting you know i arrived safely at the train station will see you soon,0,Ham
Don't forget to bring the project slides for tomorrow's team presentation. See you at the office.,don t forget to bring the project slides for tomorrow s team presentation see you at the office,0,Ham
Can you send me the recipe for that pasta dish you made last weekend? It was super delicious!,can you send me the recipe for that pasta dish you made last weekend it was super delicious,0,Ham
"Running a bit late due to traffic, should be there in about 15 minutes. Sorry for the delay!",running a bit late due to traffic should be there in about minutes sorry for the delay,0,Ham
The professor shifted the assignment deadline to Friday midnight. Check the course portal for details.,the professor shifted the assignment deadline to friday midnight check the course portal for details,0,Ham
Thanks for helping me fix the code issue yesterday. Everything is compiling cleanly now!,thanks for helping me fix the code issue yesterday everything is compiling cleanly now,0,Ham
Are you free for a quick phone call this afternoon to discuss the weekend trip plans?,are you free for a quick phone call this afternoon to discuss the weekend trip plans,0,Ham
I left my jacket in your car yesterday. Do you mind bringing it over when you come by?,i left my jacket in your car yesterday do you mind bringing it over when you come by,0,Ham
Great job on the presentation today! The client was really impressed with our proposal.,great job on the presentation today the client was really impressed with our proposal,0,Ham
"Hey, are we still meeting for lunch today at 12:30? Let me know if you want to grab coffee afterwards.",hey are we still meeting for lunch today at let me know if you want to grab coffee afterwards,0,Ham
"Hi Mom, just letting you know I arrived safely at the train station. Will see you soon!",hi mom just letting you know i arrived safely at the train station will see you soon,0,Ham
Don't forget to bring the project slides for tomorrow's team presentation. See you at the office.,don t forget to bring the project slides for tomorrow s team presentation see you at the office,0,Ham
Can you send me the recipe for that pasta dish you made last weekend? It was super delicious!,can you send me the recipe for that pasta dish you made last weekend it was super delicious,0,Ham
"Running a bit late due to traffic, should be there in about 15 minutes. Sorry for the delay!",running a bit late due to traffic should be there in about minutes sorry for the delay,0,Ham
The professor shifted the assignment deadline to Friday midnight. Check the course portal for details.,the professor shifted the assignment deadline to friday midnight check the course portal for details,0,Ham
Thanks for helping me fix the code issue yesterday. Everything is compiling cleanly now!,thanks for helping me fix the code issue yesterday everything is compiling cleanly now,0,Ham
Are you free for a quick phone call this afternoon to discuss the weekend trip plans?,are you free for a quick phone call this afternoon to discuss the weekend trip plans,0,Ham
I left my jacket in your car yesterday. Do you mind bringing it over when you come by?,i left my jacket in your car yesterday do you mind bringing it over when you come by,0,Ham
Great job on the presentation today! The client was really impressed with our proposal.,great job on the presentation today the client was really impressed with our proposal,0,Ham
"Hey, are we still meeting for lunch today at 12:30? Let me know if you want to grab coffee afterwards.",hey are we still meeting for lunch today at let me know if you want to grab coffee afterwards,0,Ham
"Hi Mom, just letting you know I arrived safely at the train station. Will see you soon!",hi mom just letting you know i arrived safely at the train station will see you soon,0,Ham
Don't forget to bring the project slides for tomorrow's team presentation. See you at the office.,don t forget to bring the project slides for tomorrow s team presentation see you at the office,0,Ham
Can you send me the recipe for that pasta dish you made last weekend? It was super delicious!,can you send me the recipe for that pasta dish you made last weekend it was super delicious,0,Ham
"Running a bit late due to traffic, should be there in about 15 minutes. Sorry for the delay!",running a bit late due to traffic should be there in about minutes sorry for the delay,0,Ham
The professor shifted the assignment deadline to Friday midnight. Check the course portal for details.,the professor shifted the assignment deadline to friday midnight check the course portal for details,0,Ham
Thanks for helping me fix the code issue yesterday. Everything is compiling cleanly now!,thanks for helping me fix the code issue yesterday everything is compiling cleanly now,0,Ham
Are you free for a quick phone call this afternoon to discuss the weekend trip plans?,are you free for a quick phone call this afternoon to discuss the weekend trip plans,0,Ham
I left my jacket in your car yesterday. Do you mind bringing it over when you come by?,i left my jacket in your car yesterday do you mind bringing it over when you come by,0,Ham
Great job on the presentation today! The client was really impressed with our proposal.,great job on the presentation today the client was really impressed with our proposal,0,Ham
