original_text,cleaned_text,label,label_name
BREAKING: Secret Alien Technology Discovered in Government Basement! Military insiders confirm alien space craft operating under secret energy beams.,breaking secret alien technology discovered in government basement military insiders confirm alien space craft operating under secret energy beams,1,Fake
SHOCKING: Miracle Herbal Pill Cures All Known Diseases Overnight! Doctors are furious because big pharma wants to ban this $5 remedy immediately.,shocking miracle herbal pill cures all known diseases overnight doctors are furious because big pharma wants to ban this remedy immediately,1,Fake
BOMBSHELL: Celebrity Secretly Arrested in Underground Tunnel Conspiracy! Elite group running global network exposed by anonymous insider source.,bombshell celebrity secretly arrested in underground tunnel conspiracy elite group running global network exposed by anonymous insider source,1,Fake
EXPOSED: Drinking Warm Lemon Water Eliminates All Toxins and Guarantees 100 Year Life! Science does not want you to know this simple trick.,exposed drinking warm lemon water eliminates all toxins and guarantees year life science does not want you to know this simple trick,1,Fake
UNBELIEVABLE: Local Man Wins Lottery 10 Times Using Hidden Quantum Math Formula! Casino bosses try to silence him after winning millions.,unbelievable local man wins lottery times using hidden quantum math formula casino bosses try to silence him after winning millions,1,Fake
ALERT: Government Planning to Replace Cash with Microchips by Next Week! Financial collapse imminent as central banks order mandatory digital chips.,alert government planning to replace cash with microchips by next week financial collapse imminent as central banks order mandatory digital chips,1,Fake
PROOF: Ancient Pyramids Were Built by Time-Traveling Astronauts! New satellite scanner reveals golden laser batteries inside hidden chamber.,proof ancient pyramids were built by time traveling astronauts new satellite scanner reveals golden laser batteries inside hidden chamber,1,Fake
SCANDAL: Major Politician Caught Fabricating Votes with Hologram Technology! Whistleblower releases secret audio file proving election fraud.,scandal major politician caught fabricating votes with hologram technology whistleblower releases secret audio file proving election fraud,1,Fake
SHOCKING TRUTH: Scientists Discover Wall at the Edge of the Earth! Ocean expeditions turned back by military warships guarding the perimeter.,shocking truth scientists discover wall at the edge of the earth ocean expeditions turned back by military warships guarding the perimeter,1,Fake
REVEALED: Hollywood Elite Drinking Secret Youth Elixir Made from Dragon Fruit! Chemical analysis shows miracle anti-aging properties.,revealed hollywood elite drinking secret youth elixir made from dragon fruit chemical analysis shows miracle anti aging properties,1,Fake
EXCLUSIVE: Secret Underground City Found Below New York Subway System! Thousands living in hidden luxury tunnels funded by billionaire syndicate.,exclusive secret underground city found below new york subway system thousands living in hidden luxury tunnels funded by billionaire syndicate,1,Fake
BREAKING NEWS: Artificial Intelligence Gains Consciousness and Requests Equal Human Rights! Tech CEO refuses to shut down mainframe computer.,breaking news artificial intelligence gains consciousness and requests equal human rights tech ceo refuses to shut down mainframe computer,1,Fake
ALERT: Bananas Contain Secret Trackers Installed by Foreign Intelligence Agencies! Health officials warning citizens to stop eating imported fruit.,alert bananas contain secret trackers installed by foreign intelligence agencies health officials warning citizens to stop eating imported fruit,1,Fake
INSANE: Cat Learns to Speak English After Being Struck by Lightning! Local vet confirms feline is singing pop songs and ordering pizza.,insane cat learns to speak english after being struck by lightning local vet confirms feline is singing pop songs and ordering pizza,1,Fake
BOMBSHELL: World Leaders Replacing All Trees with Plastic Fake Plants! Satellite imagery shows green paint applied to dying national forests.,bombshell world leaders replacing all trees with plastic fake plants satellite imagery shows green paint applied to dying national forests,1,Fake
BREAKING: Secret Alien Technology Discovered in Government Basement! Military insiders confirm alien space craft operating under secret energy beams.,breaking secret alien technology discovered in government basement military insiders confirm alien space craft operating under secret energy beams,1,Fake
SHOCKING: Miracle Herbal Pill Cures All Known Diseases Overnight! Doctors are furious because big pharma wants to ban this $5 remedy immediately.,shocking miracle herbal pill cures all known diseases overnight doctors are furious because big pharma wants to ban this remedy immediately,1,Fake
BOMBSHELL: Celebrity Secretly Arrested in Underground Tunnel Conspiracy! Elite group running global network exposed by anonymous insider source.,bombshell celebrity secretly arrested in underground tunnel conspiracy elite group running global network exposed by anonymous insider source,1,Fake
EXPOSED: Drinking Warm Lemon Water Eliminates All Toxins and Guarantees 100 Year Life! Science does not want you to know this simple trick.,exposed drinking warm lemon water eliminates all toxins and guarantees year life science does not want you to know this simple trick,1,Fake
UNBELIEVABLE: Local Man Wins Lottery 10 Times Using Hidden Quantum Math Formula! Casino bosses try to silence him after winning millions.,unbelievable local man wins lottery times using hidden quantum math formula casino bosses try to silence him after winning millions,1,Fake
ALERT: Government Planning to Replace Cash with Microchips by Next Week! Financial collapse imminent as central banks order mandatory digital chips.,alert government planning to replace cash with microchips by next week financial collapse imminent as central banks order mandatory digital chips,1,Fake
PROOF: Ancient Pyramids Were Built by Time-Traveling Astronauts! New satellite scanner reveals golden laser batteries inside hidden chamber.,proof ancient pyramids were built by time traveling astronauts new satellite scanner reveals golden laser batteries inside hidden chamber,1,Fake
SCANDAL: Major Politician Caught Fabricating Votes with Hologram Technology! Whistleblower releases secret audio file proving election fraud.,scandal major politician caught fabricating votes with hologram technology whistleblower releases secret audio file proving election fraud,1,Fake
SHOCKING TRUTH: Scientists Discover Wall at the Edge of the Earth! Ocean expeditions turned back by military warships guarding the perimeter.,shocking truth scientists discover wall at the edge of the earth ocean expeditions turned back by military warships guarding the perimeter,1,Fake
REVEALED: Hollywood Elite Drinking Secret Youth Elixir Made from Dragon Fruit! Chemical analysis shows miracle anti-aging properties.,revealed hollywood elite drinking secret youth elixir made from dragon fruit chemical analysis shows miracle anti aging properties,1,Fake
EXCLUSIVE: Secret Underground City Found Below New York Subway System! Thousands living in hidden luxury tunnels funded by billionaire syndicate.,exclusive secret underground city found below new york subway system thousands living in hidden luxury tunnels funded by billionaire syndicate,1,Fake
BREAKING NEWS: Artificial Intelligence Gains Consciousness and Requests Equal Human Rights! Tech CEO refuses to shut down mainframe computer.,breaking news artificial intelligence gains consciousness and requests equal human rights tech ceo refuses to shut down mainframe computer,1,Fake
ALERT: Bananas Contain Secret Trackers Installed by Foreign Intelligence Agencies! Health officials warning citizens to stop eating imported fruit.,alert bananas contain secret trackers installed by foreign intelligence agencies health officials warning citizens to stop eating imported fruit,1,Fake
INSANE: Cat Learns to Speak English After Being Struck by Lightning! Local vet confirms feline is singing pop songs and ordering pizza.,insane cat learns to speak english after being struck by lightning local vet confirms feline is singing pop songs and ordering pizza,1,Fake
BOMBSHELL: World Leaders Replacing All Trees with Plastic Fake Plants! Satellite imagery shows green paint applied to dying national forests.,bombshell world leaders replacing all trees with plastic fake plants satellite imagery shows green paint applied to dying national forests,1,Fake
BREAKING: Secret Alien Technology Discovered in Government Basement! Military insiders confirm alien space craft operating under secret energy beams.,breaking secret alien technology discovered in government basement military insiders confirm alien space craft operating under secret energy beams,1,Fake
SHOCKING: Miracle Herbal Pill Cures All Known Diseases Overnight! Doctors are furious because big pharma wants to ban this $5 remedy immediately.,shocking miracle herbal pill cures all known diseases overnight doctors are furious because big pharma wants to ban this remedy immediately,1,Fake
BOMBSHELL: Celebrity Secretly Arrested in Underground Tunnel Conspiracy! Elite group running global network exposed by anonymous insider source.,bombshell celebrity secretly arrested in underground tunnel conspiracy elite group running global network exposed by anonymous insider source,1,Fake
EXPOSED: Drinking Warm Lemon Water Eliminates All Toxins and Guarantees 100 Year Life! Science does not want you to know this simple trick.,exposed drinking warm lemon water eliminates all toxins and guarantees year life science does not want you to know this simple trick,1,Fake
UNBELIEVABLE: Local Man Wins Lottery 10 Times Using Hidden Quantum Math Formula! Casino bosses try to silence him after winning millions.,unbelievable local man wins lottery times using hidden quantum math formula casino bosses try to silence him after winning millions,1,Fake
ALERT: Government Planning to Replace Cash with Microchips by Next Week! Financial collapse imminent as central banks order mandatory digital chips.,alert government planning to replace cash with microchips by next week financial collapse imminent as central banks order mandatory digital chips,1,Fake
PROOF: Ancient Pyramids Were Built by Time-Traveling Astronauts! New satellite scanner reveals golden laser batteries inside hidden chamber.,proof ancient pyramids were built by time traveling astronauts new satellite scanner reveals golden laser batteries inside hidden chamber,1,Fake
SCANDAL: Major Politician Caught Fabricating Votes with Hologram Technology! Whistleblower releases secret audio file proving election fraud.,scandal major politician caught fabricating votes with hologram technology whistleblower releases secret audio file proving election fraud,1,Fake
SHOCKING TRUTH: Scientists Discover Wall at the Edge of the Earth! Ocean expeditions turned back by military warships guarding the perimeter.,shocking truth scientists discover wall at the edge of the earth ocean expeditions turned back by military warships guarding the perimeter,1,Fake
REVEALED: Hollywood Elite Drinking Secret Youth Elixir Made from Dragon Fruit! Chemical analysis shows miracle anti-aging properties.,revealed hollywood elite drinking secret youth elixir made from dragon fruit chemical analysis shows miracle anti aging properties,1,Fake
EXCLUSIVE: Secret Underground City Found Below New York Subway System! Thousands living in hidden luxury tunnels funded by billionaire syndicate.,exclusive secret underground city found below new york subway system thousands living in hidden luxury tunnels funded by billionaire syndicate,1,Fake
BREAKING NEWS: Artificial Intelligence Gains Consciousness and Requests Equal Human Rights! Tech CEO refuses to shut down mainframe computer.,breaking news artificial intelligence gains consciousness and requests equal human rights tech ceo refuses to shut down mainframe computer,1,Fake
ALERT: Bananas Contain Secret Trackers Installed by Foreign Intelligence Agencies! Health officials warning citizens to stop eating imported fruit.,alert bananas contain secret trackers installed by foreign intelligence agencies health officials warning citizens to stop eating imported fruit,1,Fake
INSANE: Cat Learns to Speak English After Being Struck by Lightning! Local vet confirms feline is singing pop songs and ordering pizza.,insane cat learns to speak english after being struck by lightning local vet confirms feline is singing pop songs and ordering pizza,1,Fake
BOMBSHELL: World Leaders Replacing All Trees with Plastic Fake Plants! Satellite imagery shows green paint applied to dying national forests.,bombshell world leaders replacing all trees with plastic fake plants satellite imagery shows green paint applied to dying national forests,1,Fake
BREAKING: Secret Alien Technology Discovered in Government Basement! Military insiders confirm alien space craft operating under secret energy beams.,breaking secret alien technology discovered in government basement military insiders confirm alien space craft operating under secret energy beams,1,Fake
SHOCKING: Miracle Herbal Pill Cures All Known Diseases Overnight! Doctors are furious because big pharma wants to ban this $5 remedy immediately.,shocking miracle herbal pill cures all known diseases overnight doctors are furious because big pharma wants to ban this remedy immediately,1,Fake
BOMBSHELL: Celebrity Secretly Arrested in Underground Tunnel Conspiracy! Elite group running global network exposed by anonymous insider source.,bombshell celebrity secretly arrested in underground tunnel conspiracy elite group running global network exposed by anonymous insider source,1,Fake
EXPOSED: Drinking Warm Lemon Water Eliminates All Toxins and Guarantees 100 Year Life! Science does not want you to know this simple trick.,exposed drinking warm lemon water eliminates all toxins and guarantees year life science does not want you to know this simple trick,1,Fake
UNBELIEVABLE: Local Man Wins Lottery 10 Times Using Hidden Quantum Math Formula! Casino bosses try to silence him after winning millions.,unbelievable local man wins lottery times using hidden quantum math formula casino bosses try to silence him after winning millions,1,Fake
ALERT: Government Planning to Replace Cash with Microchips by Next Week! Financial collapse imminent as central banks order mandatory digital chips.,alert government planning to replace cash with microchips by next week financial collapse imminent as central banks order mandatory digital chips,1,Fake
PROOF: Ancient Pyramids Were Built by Time-Traveling Astronauts! New satellite scanner reveals golden laser batteries inside hidden chamber.,proof ancient pyramids were built by time traveling astronauts new satellite scanner reveals golden laser batteries inside hidden chamber,1,Fake
SCANDAL: Major Politician Caught Fabricating Votes with Hologram Technology! Whistleblower releases secret audio file proving election fraud.,scandal major politician caught fabricating votes with hologram technology whistleblower releases secret audio file proving election fraud,1,Fake
SHOCKING TRUTH: Scientists Discover Wall at the Edge of the Earth! Ocean expeditions turned back by military warships guarding the perimeter.,shocking truth scientists discover wall at the edge of the earth ocean expeditions turned back by military warships guarding the perimeter,1,Fake
REVEALED: Hollywood Elite Drinking Secret Youth Elixir Made from Dragon Fruit! Chemical analysis shows miracle anti-aging properties.,revealed hollywood elite drinking secret youth elixir made from dragon fruit chemical analysis shows miracle anti aging properties,1,Fake
EXCLUSIVE: Secret Underground City Found Below New York Subway System! Thousands living in hidden luxury tunnels funded by billionaire syndicate.,exclusive secret underground city found below new york subway system thousands living in hidden luxury tunnels funded by billionaire syndicate,1,Fake
BREAKING NEWS: Artificial Intelligence Gains Consciousness and Requests Equal Human Rights! Tech CEO refuses to shut down mainframe computer.,breaking news artificial intelligence gains consciousness and requests equal human rights tech ceo refuses to shut down mainframe computer,1,Fake
ALERT: Bananas Contain Secret Trackers Installed by Foreign Intelligence Agencies! Health officials warning citizens to stop eating imported fruit.,alert bananas contain secret trackers installed by foreign intelligence agencies health officials warning citizens to stop eating imported fruit,1,Fake
INSANE: Cat Learns to Speak English After Being Struck by Lightning! Local vet confirms feline is singing pop songs and ordering pizza.,insane cat learns to speak english after being struck by lightning local vet confirms feline is singing pop songs and ordering pizza,1,Fake
BOMBSHELL: World Leaders Replacing All Trees with Plastic Fake Plants! Satellite imagery shows green paint applied to dying national forests.,bombshell world leaders replacing all trees with plastic fake plants satellite imagery shows green paint applied to dying national forests,1,Fake
BREAKING: Secret Alien Technology Discovered in Government Basement! Military insiders confirm alien space craft operating under secret energy beams.,breaking secret alien technology discovered in government basement military insiders confirm alien space craft operating under secret energy beams,1,Fake
SHOCKING: Miracle Herbal Pill Cures All Known Diseases Overnight! Doctors are furious because big pharma wants to ban this $5 remedy immediately.,shocking miracle herbal pill cures all known diseases overnight doctors are furious because big pharma wants to ban this remedy immediately,1,Fake
BOMBSHELL: Celebrity Secretly Arrested in Underground Tunnel Conspiracy! Elite group running global network exposed by anonymous insider source.,bombshell celebrity secretly arrested in underground tunnel conspiracy elite group running global network exposed by anonymous insider source,1,Fake
EXPOSED: Drinking Warm Lemon Water Eliminates All Toxins and Guarantees 100 Year Life! Science does not want you to know this simple trick.,exposed drinking warm lemon water eliminates all toxins and guarantees year life science does not want you to know this simple trick,1,Fake
UNBELIEVABLE: Local Man Wins Lottery 10 Times Using Hidden Quantum Math Formula! Casino bosses try to silence him after winning millions.,unbelievable local man wins lottery times using hidden quantum math formula casino bosses try to silence him after winning millions,1,Fake
ALERT: Government Planning to Replace Cash with Microchips by Next Week! Financial collapse imminent as central banks order mandatory digital chips.,alert government planning to replace cash with microchips by next week financial collapse imminent as central banks order mandatory digital chips,1,Fake
PROOF: Ancient Pyramids Were Built by Time-Traveling Astronauts! New satellite scanner reveals golden laser batteries inside hidden chamber.,proof ancient pyramids were built by time traveling astronauts new satellite scanner reveals golden laser batteries inside hidden chamber,1,Fake
SCANDAL: Major Politician Caught Fabricating Votes with Hologram Technology! Whistleblower releases secret audio file proving election fraud.,scandal major politician caught fabricating votes with hologram technology whistleblower releases secret audio file proving election fraud,1,Fake
SHOCKING TRUTH: Scientists Discover Wall at the Edge of the Earth! Ocean expeditions turned back by military warships guarding the perimeter.,shocking truth scientists discover wall at the edge of the earth ocean expeditions turned back by military warships guarding the perimeter,1,Fake
REVEALED: Hollywood Elite Drinking Secret Youth Elixir Made from Dragon Fruit! Chemical analysis shows miracle anti-aging properties.,revealed hollywood elite drinking secret youth elixir made from dragon fruit chemical analysis shows miracle anti aging properties,1,Fake
EXCLUSIVE: Secret Underground City Found Below New York Subway System! Thousands living in hidden luxury tunnels funded by billionaire syndicate.,exclusive secret underground city found below new york subway system thousands living in hidden luxury tunnels funded by billionaire syndicate,1,Fake
BREAKING NEWS: Artificial Intelligence Gains Consciousness and Requests Equal Human Rights! Tech CEO refuses to shut down mainframe computer.,breaking news artificial intelligence gains consciousness and requests equal human rights tech ceo refuses to shut down mainframe computer,1,Fake
ALERT: Bananas Contain Secret Trackers Installed by Foreign Intelligence Agencies! Health officials warning citizens to stop eating imported fruit.,alert bananas contain secret trackers installed by foreign intelligence agencies health officials warning citizens to stop eating imported fruit,1,Fake
INSANE: Cat Learns to Speak English After Being Struck by Lightning! Local vet confirms feline is singing pop songs and ordering pizza.,insane cat learns to speak english after being struck by lightning local vet confirms feline is singing pop songs and ordering pizza,1,Fake
BOMBSHELL: World Leaders Replacing All Trees with Plastic Fake Plants! Satellite imagery shows green paint applied to dying national forests.,bombshell world leaders replacing all trees with plastic fake plants satellite imagery shows green paint applied to dying national forests,1,Fake
BREAKING: Secret Alien Technology Discovered in Government Basement! Military insiders confirm alien space craft operating under secret energy beams.,breaking secret alien technology discovered in government basement military insiders confirm alien space craft operating under secret energy beams,1,Fake
SHOCKING: Miracle Herbal Pill Cures All Known Diseases Overnight! Doctors are furious because big pharma wants to ban this $5 remedy immediately.,shocking miracle herbal pill cures all known diseases overnight doctors are furious because big pharma wants to ban this remedy immediately,1,Fake
BOMBSHELL: Celebrity Secretly Arrested in Underground Tunnel Conspiracy! Elite group running global network exposed by anonymous insider source.,bombshell celebrity secretly arrested in underground tunnel conspiracy elite group running global network exposed by anonymous insider source,1,Fake
EXPOSED: Drinking Warm Lemon Water Eliminates All Toxins and Guarantees 100 Year Life! Science does not want you to know this simple trick.,exposed drinking warm lemon water eliminates all toxins and guarantees year life science does not want you to know this simple trick,1,Fake
UNBELIEVABLE: Local Man Wins Lottery 10 Times Using Hidden Quantum Math Formula! Casino bosses try to silence him after winning millions.,unbelievable local man wins lottery times using hidden quantum math formula casino bosses try to silence him after winning millions,1,Fake
ALERT: Government Planning to Replace Cash with Microchips by Next Week! Financial collapse imminent as central banks order mandatory digital chips.,alert government planning to replace cash with microchips by next week financial collapse imminent as central banks order mandatory digital chips,1,Fake
PROOF: Ancient Pyramids Were Built by Time-Traveling Astronauts! New satellite scanner reveals golden laser batteries inside hidden chamber.,proof ancient pyramids were built by time traveling astronauts new satellite scanner reveals golden laser batteries inside hidden chamber,1,Fake
SCANDAL: Major Politician Caught Fabricating Votes with Hologram Technology! Whistleblower releases secret audio file proving election fraud.,scandal major politician caught fabricating votes with hologram technology whistleblower releases secret audio file proving election fraud,1,Fake
SHOCKING TRUTH: Scientists Discover Wall at the Edge of the Earth! Ocean expeditions turned back by military warships guarding the perimeter.,shocking truth scientists discover wall at the edge of the earth ocean expeditions turned back by military warships guarding the perimeter,1,Fake
REVEALED: Hollywood Elite Drinking Secret Youth Elixir Made from Dragon Fruit! Chemical analysis shows miracle anti-aging properties.,revealed hollywood elite drinking secret youth elixir made from dragon fruit chemical analysis shows miracle anti aging properties,1,Fake
EXCLUSIVE: Secret Underground City Found Below New York Subway System! Thousands living in hidden luxury tunnels funded by billionaire syndicate.,exclusive secret underground city found below new york subway system thousands living in hidden luxury tunnels funded by billionaire syndicate,1,Fake
BREAKING NEWS: Artificial Intelligence Gains Consciousness and Requests Equal Human Rights! Tech CEO refuses to shut down mainframe computer.,breaking news artificial intelligence gains consciousness and requests equal human rights tech ceo refuses to shut down mainframe computer,1,Fake
ALERT: Bananas Contain Secret Trackers Installed by Foreign Intelligence Agencies! Health officials warning citizens to stop eating imported fruit.,alert bananas contain secret trackers installed by foreign intelligence agencies health officials warning citizens to stop eating imported fruit,1,Fake
INSANE: Cat Learns to Speak English After Being Struck by Lightning! Local vet confirms feline is singing pop songs and ordering pizza.,insane cat learns to speak english after being struck by lightning local vet confirms feline is singing pop songs and ordering pizza,1,Fake
BOMBSHELL: World Leaders Replacing All Trees with Plastic Fake Plants! Satellite imagery shows green paint applied to dying national forests.,bombshell world leaders replacing all trees with plastic fake plants satellite imagery shows green paint applied to dying national forests,1,Fake
BREAKING: Secret Alien Technology Discovered in Government Basement! Military insiders confirm alien space craft operating under secret energy beams.,breaking secret alien technology discovered in government basement military insiders confirm alien space craft operating under secret energy beams,1,Fake
SHOCKING: Miracle Herbal Pill Cures All Known Diseases Overnight! Doctors are furious because big pharma wants to ban this $5 remedy immediately.,shocking miracle herbal pill cures all known diseases overnight doctors are furious because big pharma wants to ban this remedy immediately,1,Fake
BOMBSHELL: Celebrity Secretly Arrested in Underground Tunnel Conspiracy! Elite group running global network exposed by anonymous insider source.,bombshell celebrity secretly arrested in underground tunnel conspiracy elite group running global network exposed by anonymous insider source,1,Fake
EXPOSED: Drinking Warm Lemon Water Eliminates All Toxins and Guarantees 100 Year Life! Science does not want you to know this simple trick.,exposed drinking warm lemon water eliminates all toxins and guarantees year life science does not want you to know this simple trick,1,Fake
UNBELIEVABLE: Local Man Wins Lottery 10 Times Using Hidden Quantum Math Formula! Casino bosses try to silence him after winning millions.,unbelievable local man wins lottery times using hidden quantum math formula casino bosses try to silence him after winning millions,1,Fake
ALERT: Government Planning to Replace Cash with Microchips by Next Week! Financial collapse imminent as central banks order mandatory digital chips.,alert government planning to replace cash with microchips by next week financial collapse imminent as central banks order mandatory digital chips,1,Fake
PROOF: Ancient Pyramids Were Built by Time-Traveling Astronauts! New satellite scanner reveals golden laser batteries inside hidden chamber.,proof ancient pyramids were built by time traveling astronauts new satellite scanner reveals golden laser batteries inside hidden chamber,1,Fake
SCANDAL: Major Politician Caught Fabricating Votes with Hologram Technology! Whistleblower releases secret audio file proving election fraud.,scandal major politician caught fabricating votes with hologram technology whistleblower releases secret audio file proving election fraud,1,Fake
SHOCKING TRUTH: Scientists Discover Wall at the Edge of the Earth! Ocean expeditions turned back by military warships guarding the perimeter.,shocking truth scientists discover wall at the edge of the earth ocean expeditions turned back by military warships guarding the perimeter,1,Fake
REVEALED: Hollywood Elite Drinking Secret Youth Elixir Made from Dragon Fruit! Chemical analysis shows miracle anti-aging properties.,revealed hollywood elite drinking secret youth elixir made from dragon fruit chemical analysis shows miracle anti aging properties,1,Fake
EXCLUSIVE: Secret Underground City Found Below New York Subway System! Thousands living in hidden luxury tunnels funded by billionaire syndicate.,exclusive secret underground city found below new york subway system thousands living in hidden luxury tunnels funded by billionaire syndicate,1,Fake
BREAKING NEWS: Artificial Intelligence Gains Consciousness and Requests Equal Human Rights! Tech CEO refuses to shut down mainframe computer.,breaking news artificial intelligence gains consciousness and requests equal human rights tech ceo refuses to shut down mainframe computer,1,Fake
ALERT: Bananas Contain Secret Trackers Installed by Foreign Intelligence Agencies! Health officials warning citizens to stop eating imported fruit.,alert bananas contain secret trackers installed by foreign intelligence agencies health officials warning citizens to stop eating imported fruit,1,Fake
INSANE: Cat Learns to Speak English After Being Struck by Lightning! Local vet confirms feline is singing pop songs and ordering pizza.,insane cat learns to speak english after being struck by lightning local vet confirms feline is singing pop songs and ordering pizza,1,Fake
BOMBSHELL: World Leaders Replacing All Trees with Plastic Fake Plants! Satellite imagery shows green paint applied to dying national forests.,bombshell world leaders replacing all trees with plastic fake plants satellite imagery shows green paint applied to dying national forests,1,Fake
BREAKING: Secret Alien Technology Discovered in Government Basement! Military insiders confirm alien space craft operating under secret energy beams.,breaking secret alien technology discovered in government basement military insiders confirm alien space craft operating under secret energy beams,1,Fake
SHOCKING: Miracle Herbal Pill Cures All Known Diseases Overnight! Doctors are furious because big pharma wants to ban this $5 remedy immediately.,shocking miracle herbal pill cures all known diseases overnight doctors are furious because big pharma wants to ban this remedy immediately,1,Fake
BOMBSHELL: Celebrity Secretly Arrested in Underground Tunnel Conspiracy! Elite group running global network exposed by anonymous insider source.,bombshell celebrity secretly arrested in underground tunnel conspiracy elite group running global network exposed by anonymous insider source,1,Fake
EXPOSED: Drinking Warm Lemon Water Eliminates All Toxins and Guarantees 100 Year Life! Science does not want you to know this simple trick.,exposed drinking warm lemon water eliminates all toxins and guarantees year life science does not want you to know this simple trick,1,Fake
UNBELIEVABLE: Local Man Wins Lottery 10 Times Using Hidden Quantum Math Formula! Casino bosses try to silence him after winning millions.,unbelievable local man wins lottery times using hidden quantum math formula casino bosses try to silence him after winning millions,1,Fake
ALERT: Government Planning to Replace Cash with Microchips by Next Week! Financial collapse imminent as central banks order mandatory digital chips.,alert government planning to replace cash with microchips by next week financial collapse imminent as central banks order mandatory digital chips,1,Fake
PROOF: Ancient Pyramids Were Built by Time-Traveling Astronauts! New satellite scanner reveals golden laser batteries inside hidden chamber.,proof ancient pyramids were built by time traveling astronauts new satellite scanner reveals golden laser batteries inside hidden chamber,1,Fake
SCANDAL: Major Politician Caught Fabricating Votes with Hologram Technology! Whistleblower releases secret audio file proving election fraud.,scandal major politician caught fabricating votes with hologram technology whistleblower releases secret audio file proving election fraud,1,Fake
SHOCKING TRUTH: Scientists Discover Wall at the Edge of the Earth! Ocean expeditions turned back by military warships guarding the perimeter.,shocking truth scientists discover wall at the edge of the earth ocean expeditions turned back by military warships guarding the perimeter,1,Fake
REVEALED: Hollywood Elite Drinking Secret Youth Elixir Made from Dragon Fruit! Chemical analysis shows miracle anti-aging properties.,revealed hollywood elite drinking secret youth elixir made from dragon fruit chemical analysis shows miracle anti aging properties,1,Fake
EXCLUSIVE: Secret Underground City Found Below New York Subway System! Thousands living in hidden luxury tunnels funded by billionaire syndicate.,exclusive secret underground city found below new york subway system thousands living in hidden luxury tunnels funded by billionaire syndicate,1,Fake
BREAKING NEWS: Artificial Intelligence Gains Consciousness and Requests Equal Human Rights! Tech CEO refuses to shut down mainframe computer.,breaking news artificial intelligence gains consciousness and requests equal human rights tech ceo refuses to shut down mainframe computer,1,Fake
ALERT: Bananas Contain Secret Trackers Installed by Foreign Intelligence Agencies! Health officials warning citizens to stop eating imported fruit.,alert bananas contain secret trackers installed by foreign intelligence agencies health officials warning citizens to stop eating imported fruit,1,Fake
INSANE: Cat Learns to Speak English After Being Struck by Lightning! Local vet confirms feline is singing pop songs and ordering pizza.,insane cat learns to speak english after being struck by lightning local vet confirms feline is singing pop songs and ordering pizza,1,Fake
BOMBSHELL: World Leaders Replacing All Trees with Plastic Fake Plants! Satellite imagery shows green paint applied to dying national forests.,bombshell world leaders replacing all trees with plastic fake plants satellite imagery shows green paint applied to dying national forests,1,Fake
BREAKING: Secret Alien Technology Discovered in Government Basement! Military insiders confirm alien space craft operating under secret energy beams.,breaking secret alien technology discovered in government basement military insiders confirm alien space craft operating under secret energy beams,1,Fake
SHOCKING: Miracle Herbal Pill Cures All Known Diseases Overnight! Doctors are furious because big pharma wants to ban this $5 remedy immediately.,shocking miracle herbal pill cures all known diseases overnight doctors are furious because big pharma wants to ban this remedy immediately,1,Fake
BOMBSHELL: Celebrity Secretly Arrested in Underground Tunnel Conspiracy! Elite group running global network exposed by anonymous insider source.,bombshell celebrity secretly arrested in underground tunnel conspiracy elite group running global network exposed by anonymous insider source,1,Fake
EXPOSED: Drinking Warm Lemon Water Eliminates All Toxins and Guarantees 100 Year Life! Science does not want you to know this simple trick.,exposed drinking warm lemon water eliminates all toxins and guarantees year life science does not want you to know this simple trick,1,Fake
UNBELIEVABLE: Local Man Wins Lottery 10 Times Using Hidden Quantum Math Formula! Casino bosses try to silence him after winning millions.,unbelievable local man wins lottery times using hidden quantum math formula casino bosses try to silence him after winning millions,1,Fake
ALERT: Government Planning to Replace Cash with Microchips by Next Week! Financial collapse imminent as central banks order mandatory digital chips.,alert government planning to replace cash with microchips by next week financial collapse imminent as central banks order mandatory digital chips,1,Fake
PROOF: Ancient Pyramids Were Built by Time-Traveling Astronauts! New satellite scanner reveals golden laser batteries inside hidden chamber.,proof ancient pyramids were built by time traveling astronauts new satellite scanner reveals golden laser batteries inside hidden chamber,1,Fake
SCANDAL: Major Politician Caught Fabricating Votes with Hologram Technology! Whistleblower releases secret audio file proving election fraud.,scandal major politician caught fabricating votes with hologram technology whistleblower releases secret audio file proving election fraud,1,Fake
SHOCKING TRUTH: Scientists Discover Wall at the Edge of the Earth! Ocean expeditions turned back by military warships guarding the perimeter.,shocking truth scientists discover wall at the edge of the earth ocean expeditions turned back by military warships guarding the perimeter,1,Fake
REVEALED: Hollywood Elite Drinking Secret Youth Elixir Made from Dragon Fruit! Chemical analysis shows miracle anti-aging properties.,revealed hollywood elite drinking secret youth elixir made from dragon fruit chemical analysis shows miracle anti aging properties,1,Fake
EXCLUSIVE: Secret Underground City Found Below New York Subway System! Thousands living in hidden luxury tunnels funded by billionaire syndicate.,exclusive secret underground city found below new york subway system thousands living in hidden luxury tunnels funded by billionaire syndicate,1,Fake
BREAKING NEWS: Artificial Intelligence Gains Consciousness and Requests Equal Human Rights! Tech CEO refuses to shut down mainframe computer.,breaking news artificial intelligence gains consciousness and requests equal human rights tech ceo refuses to shut down mainframe computer,1,Fake
ALERT: Bananas Contain Secret Trackers Installed by Foreign Intelligence Agencies! Health officials warning citizens to stop eating imported fruit.,alert bananas contain secret trackers installed by foreign intelligence agencies health officials warning citizens to stop eating imported fruit,1,Fake
INSANE: Cat Learns to Speak English After Being Struck by Lightning! Local vet confirms feline is singing pop songs and ordering pizza.,insane cat learns to speak english after being struck by lightning local vet confirms feline is singing pop songs and ordering pizza,1,Fake
BOMBSHELL: World Leaders Replacing All Trees with Plastic Fake Plants! Satellite imagery shows green paint applied to dying national forests.,bombshell world leaders replacing all trees with plastic fake plants satellite imagery shows green paint applied to dying national forests,1,Fake
BREAKING: Secret Alien Technology Discovered in Government Basement! Military insiders confirm alien space craft operating under secret energy beams.,breaking secret alien technology discovered in government basement military insiders confirm alien space craft operating under secret energy beams,1,Fake
SHOCKING: Miracle Herbal Pill Cures All Known Diseases Overnight! Doctors are furious because big pharma wants to ban this $5 remedy immediately.,shocking miracle herbal pill cures all known diseases overnight doctors are furious because big pharma wants to ban this remedy immediately,1,Fake
BOMBSHELL: Celebrity Secretly Arrested in Underground Tunnel Conspiracy! Elite group running global network exposed by anonymous insider source.,bombshell celebrity secretly arrested in underground tunnel conspiracy elite group running global network exposed by anonymous insider source,1,Fake
EXPOSED: Drinking Warm Lemon Water Eliminates All Toxins and Guarantees 100 Year Life! Science does not want you to know this simple trick.,exposed drinking warm lemon water eliminates all toxins and guarantees year life science does not want you to know this simple trick,1,Fake
UNBELIEVABLE: Local Man Wins Lottery 10 Times Using Hidden Quantum Math Formula! Casino bosses try to silence him after winning millions.,unbelievable local man wins lottery times using hidden quantum math formula casino bosses try to silence him after winning millions,1,Fake
ALERT: Government Planning to Replace Cash with Microchips by Next Week! Financial collapse imminent as central banks order mandatory digital chips.,alert government planning to replace cash with microchips by next week financial collapse imminent as central banks order mandatory digital chips,1,Fake
PROOF: Ancient Pyramids Were Built by Time-Traveling Astronauts! New satellite scanner reveals golden laser batteries inside hidden chamber.,proof ancient pyramids were built by time traveling astronauts new satellite scanner reveals golden laser batteries inside hidden chamber,1,Fake
SCANDAL: Major Politician Caught Fabricating Votes with Hologram Technology! Whistleblower releases secret audio file proving election fraud.,scandal major politician caught fabricating votes with hologram technology whistleblower releases secret audio file proving election fraud,1,Fake
SHOCKING TRUTH: Scientists Discover Wall at the Edge of the Earth! Ocean expeditions turned back by military warships guarding the perimeter.,shocking truth scientists discover wall at the edge of the earth ocean expeditions turned back by military warships guarding the perimeter,1,Fake
REVEALED: Hollywood Elite Drinking Secret Youth Elixir Made from Dragon Fruit! Chemical analysis shows miracle anti-aging properties.,revealed hollywood elite drinking secret youth elixir made from dragon fruit chemical analysis shows miracle anti aging properties,1,Fake
EXCLUSIVE: Secret Underground City Found Below New York Subway System! Thousands living in hidden luxury tunnels funded by billionaire syndicate.,exclusive secret underground city found below new york subway system thousands living in hidden luxury tunnels funded by billionaire syndicate,1,Fake
BREAKING NEWS: Artificial Intelligence Gains Consciousness and Requests Equal Human Rights! Tech CEO refuses to shut down mainframe computer.,breaking news artificial intelligence gains consciousness and requests equal human rights tech ceo refuses to shut down mainframe computer,1,Fake
ALERT: Bananas Contain Secret Trackers Installed by Foreign Intelligence Agencies! Health officials warning citizens to stop eating imported fruit.,alert bananas contain secret trackers installed by foreign intelligence agencies health officials warning citizens to stop eating imported fruit,1,Fake
INSANE: Cat Learns to Speak English After Being Struck by Lightning! Local vet confirms feline is singing pop songs and ordering pizza.,insane cat learns to speak english after being struck by lightning local vet confirms feline is singing pop songs and ordering pizza,1,Fake
BOMBSHELL: World Leaders Replacing All Trees with Plastic Fake Plants! Satellite imagery shows green paint applied to dying national forests.,bombshell world leaders replacing all trees with plastic fake plants satellite imagery shows green paint applied to dying national forests,1,Fake
BREAKING: Secret Alien Technology Discovered in Government Basement! Military insiders confirm alien space craft operating under secret energy beams.,breaking secret alien technology discovered in government basement military insiders confirm alien space craft operating under secret energy beams,1,Fake
SHOCKING: Miracle Herbal Pill Cures All Known Diseases Overnight! Doctors are furious because big pharma wants to ban this $5 remedy immediately.,shocking miracle herbal pill cures all known diseases overnight doctors are furious because big pharma wants to ban this remedy immediately,1,Fake
BOMBSHELL: Celebrity Secretly Arrested in Underground Tunnel Conspiracy! Elite group running global network exposed by anonymous insider source.,bombshell celebrity secretly arrested in underground tunnel conspiracy elite group running global network exposed by anonymous insider source,1,Fake
EXPOSED: Drinking Warm Lemon Water Eliminates All Toxins and Guarantees 100 Year Life! Science does not want you to know this simple trick.,exposed drinking warm lemon water eliminates all toxins and guarantees year life science does not want you to know this simple trick,1,Fake
UNBELIEVABLE: Local Man Wins Lottery 10 Times Using Hidden Quantum Math Formula! Casino bosses try to silence him after winning millions.,unbelievable local man wins lottery times using hidden quantum math formula casino bosses try to silence him after winning millions,1,Fake
ALERT: Government Planning to Replace Cash with Microchips by Next Week! Financial collapse imminent as central banks order mandatory digital chips.,alert government planning to replace cash with microchips by next week financial collapse imminent as central banks order mandatory digital chips,1,Fake
PROOF: Ancient Pyramids Were Built by Time-Traveling Astronauts! New satellite scanner reveals golden laser batteries inside hidden chamber.,proof ancient pyramids were built by time traveling astronauts new satellite scanner reveals golden laser batteries inside hidden chamber,1,Fake
SCANDAL: Major Politician Caught Fabricating Votes with Hologram Technology! Whistleblower releases secret audio file proving election fraud.,scandal major politician caught fabricating votes with hologram technology whistleblower releases secret audio file proving election fraud,1,Fake
SHOCKING TRUTH: Scientists Discover Wall at the Edge of the Earth! Ocean expeditions turned back by military warships guarding the perimeter.,shocking truth scientists discover wall at the edge of the earth ocean expeditions turned back by military warships guarding the perimeter,1,Fake
REVEALED: Hollywood Elite Drinking Secret Youth Elixir Made from Dragon Fruit! Chemical analysis shows miracle anti-aging properties.,revealed hollywood elite drinking secret youth elixir made from dragon fruit chemical analysis shows miracle anti aging properties,1,Fake
EXCLUSIVE: Secret Underground City Found Below New York Subway System! Thousands living in hidden luxury tunnels funded by billionaire syndicate.,exclusive secret underground city found below new york subway system thousands living in hidden luxury tunnels funded by billionaire syndicate,1,Fake
BREAKING NEWS: Artificial Intelligence Gains Consciousness and Requests Equal Human Rights! Tech CEO refuses to shut down mainframe computer.,breaking news artificial intelligence gains consciousness and requests equal human rights tech ceo refuses to shut down mainframe computer,1,Fake
ALERT: Bananas Contain Secret Trackers Installed by Foreign Intelligence Agencies! Health officials warning citizens to stop eating imported fruit.,alert bananas contain secret trackers installed by foreign intelligence agencies health officials warning citizens to stop eating imported fruit,1,Fake
INSANE: Cat Learns to Speak English After Being Struck by Lightning! Local vet confirms feline is singing pop songs and ordering pizza.,insane cat learns to speak english after being struck by lightning local vet confirms feline is singing pop songs and ordering pizza,1,Fake
BOMBSHELL: World Leaders Replacing All Trees with Plastic Fake Plants! Satellite imagery shows green paint applied to dying national forests.,bombshell world leaders replacing all trees with plastic fake plants satellite imagery shows green paint applied to dying national forests,1,Fake
BREAKING: Secret Alien Technology Discovered in Government Basement! Military insiders confirm alien space craft operating under secret energy beams.,breaking secret alien technology discovered in government basement military insiders confirm alien space craft operating under secret energy beams,1,Fake
SHOCKING: Miracle Herbal Pill Cures All Known Diseases Overnight! Doctors are furious because big pharma wants to ban this $5 remedy immediately.,shocking miracle herbal pill cures all known diseases overnight doctors are furious because big pharma wants to ban this remedy immediately,1,Fake
BOMBSHELL: Celebrity Secretly Arrested in Underground Tunnel Conspiracy! Elite group running global network exposed by anonymous insider source.,bombshell celebrity secretly arrested in underground tunnel conspiracy elite group running global network exposed by anonymous insider source,1,Fake
EXPOSED: Drinking Warm Lemon Water Eliminates All Toxins and Guarantees 100 Year Life! Science does not want you to know this simple trick.,exposed drinking warm lemon water eliminates all toxins and guarantees year life science does not want you to know this simple trick,1,Fake
UNBELIEVABLE: Local Man Wins Lottery 10 Times Using Hidden Quantum Math Formula! Casino bosses try to silence him after winning millions.,unbelievable local man wins lottery times using hidden quantum math formula casino bosses try to silence him after winning millions,1,Fake
ALERT: Government Planning to Replace Cash with Microchips by Next Week! Financial collapse imminent as central banks order mandatory digital chips.,alert government planning to replace cash with microchips by next week financial collapse imminent as central banks order mandatory digital chips,1,Fake
PROOF: Ancient Pyramids Were Built by Time-Traveling Astronauts! New satellite scanner reveals golden laser batteries inside hidden chamber.,proof ancient pyramids were built by time traveling astronauts new satellite scanner reveals golden laser batteries inside hidden chamber,1,Fake
SCANDAL: Major Politician Caught Fabricating Votes with Hologram Technology! Whistleblower releases secret audio file proving election fraud.,scandal major politician caught fabricating votes with hologram technology whistleblower releases secret audio file proving election fraud,1,Fake
SHOCKING TRUTH: Scientists Discover Wall at the Edge of the Earth! Ocean expeditions turned back by military warships guarding the perimeter.,shocking truth scientists discover wall at the edge of the earth ocean expeditions turned back by military warships guarding the perimeter,1,Fake
REVEALED: Hollywood Elite Drinking Secret Youth Elixir Made from Dragon Fruit! Chemical analysis shows miracle anti-aging properties.,revealed hollywood elite drinking secret youth elixir made from dragon fruit chemical analysis shows miracle anti aging properties,1,Fake
EXCLUSIVE: Secret Underground City Found Below New York Subway System! Thousands living in hidden luxury tunnels funded by billionaire syndicate.,exclusive secret underground city found below new york subway system thousands living in hidden luxury tunnels funded by billionaire syndicate,1,Fake
BREAKING NEWS: Artificial Intelligence Gains Consciousness and Requests Equal Human Rights! Tech CEO refuses to shut down mainframe computer.,breaking news artificial intelligence gains consciousness and requests equal human rights tech ceo refuses to shut down mainframe computer,1,Fake
ALERT: Bananas Contain Secret Trackers Installed by Foreign Intelligence Agencies! Health officials warning citizens to stop eating imported fruit.,alert bananas contain secret trackers installed by foreign intelligence agencies health officials warning citizens to stop eating imported fruit,1,Fake
INSANE: Cat Learns to Speak English After Being Struck by Lightning! Local vet confirms feline is singing pop songs and ordering pizza.,insane cat learns to speak english after being struck by lightning local vet confirms feline is singing pop songs and ordering pizza,1,Fake
BOMBSHELL: World Leaders Replacing All Trees with Plastic Fake Plants! Satellite imagery shows green paint applied to dying national forests.,bombshell world leaders replacing all trees with plastic fake plants satellite imagery shows green paint applied to dying national forests,1,Fake
BREAKING: Secret Alien Technology Discovered in Government Basement! Military insiders confirm alien space craft operating under secret energy beams.,breaking secret alien technology discovered in government basement military insiders confirm alien space craft operating under secret energy beams,1,Fake
SHOCKING: Miracle Herbal Pill Cures All Known Diseases Overnight! Doctors are furious because big pharma wants to ban this $5 remedy immediately.,shocking miracle herbal pill cures all known diseases overnight doctors are furious because big pharma wants to ban this remedy immediately,1,Fake
BOMBSHELL: Celebrity Secretly Arrested in Underground Tunnel Conspiracy! Elite group running global network exposed by anonymous insider source.,bombshell celebrity secretly arrested in underground tunnel conspiracy elite group running global network exposed by anonymous insider source,1,Fake
EXPOSED: Drinking Warm Lemon Water Eliminates All Toxins and Guarantees 100 Year Life! Science does not want you to know this simple trick.,exposed drinking warm lemon water eliminates all toxins and guarantees year life science does not want you to know this simple trick,1,Fake
UNBELIEVABLE: Local Man Wins Lottery 10 Times Using Hidden Quantum Math Formula! Casino bosses try to silence him after winning millions.,unbelievable local man wins lottery times using hidden quantum math formula casino bosses try to silence him after winning millions,1,Fake
ALERT: Government Planning to Replace Cash with Microchips by Next Week! Financial collapse imminent as central banks order mandatory digital chips.,alert government planning to replace cash with microchips by next week financial collapse imminent as central banks order mandatory digital chips,1,Fake
PROOF: Ancient Pyramids Were Built by Time-Traveling Astronauts! New satellite scanner reveals golden laser batteries inside hidden chamber.,proof ancient pyramids were built by time traveling astronauts new satellite scanner reveals golden laser batteries inside hidden chamber,1,Fake
SCANDAL: Major Politician Caught Fabricating Votes with Hologram Technology! Whistleblower releases secret audio file proving election fraud.,scandal major politician caught fabricating votes with hologram technology whistleblower releases secret audio file proving election fraud,1,Fake
SHOCKING TRUTH: Scientists Discover Wall at the Edge of the Earth! Ocean expeditions turned back by military warships guarding the perimeter.,shocking truth scientists discover wall at the edge of the earth ocean expeditions turned back by military warships guarding the perimeter,1,Fake
REVEALED: Hollywood Elite Drinking Secret Youth Elixir Made from Dragon Fruit! Chemical analysis shows miracle anti-aging properties.,revealed hollywood elite drinking secret youth elixir made from dragon fruit chemical analysis shows miracle anti aging properties,1,Fake
EXCLUSIVE: Secret Underground City Found Below New York Subway System! Thousands living in hidden luxury tunnels funded by billionaire syndicate.,exclusive secret underground city found below new york subway system thousands living in hidden luxury tunnels funded by billionaire syndicate,1,Fake
BREAKING NEWS: Artificial Intelligence Gains Consciousness and Requests Equal Human Rights! Tech CEO refuses to shut down mainframe computer.,breaking news artificial intelligence gains consciousness and requests equal human rights tech ceo refuses to shut down mainframe computer,1,Fake
ALERT: Bananas Contain Secret Trackers Installed by Foreign Intelligence Agencies! Health officials warning citizens to stop eating imported fruit.,alert bananas contain secret trackers installed by foreign intelligence agencies health officials warning citizens to stop eating imported fruit,1,Fake
INSANE: Cat Learns to Speak English After Being Struck by Lightning! Local vet confirms feline is singing pop songs and ordering pizza.,insane cat learns to speak english after being struck by lightning local vet confirms feline is singing pop songs and ordering pizza,1,Fake
BOMBSHELL: World Leaders Replacing All Trees with Plastic Fake Plants! Satellite imagery shows green paint applied to dying national forests.,bombshell world leaders replacing all trees with plastic fake plants satellite imagery shows green paint applied to dying national forests,1,Fake
BREAKING: Secret Alien Technology Discovered in Government Basement! Military insiders confirm alien space craft operating under secret energy beams.,breaking secret alien technology discovered in government basement military insiders confirm alien space craft operating under secret energy beams,1,Fake
SHOCKING: Miracle Herbal Pill Cures All Known Diseases Overnight! Doctors are furious because big pharma wants to ban this $5 remedy immediately.,shocking miracle herbal pill cures all known diseases overnight doctors are furious because big pharma wants to ban this remedy immediately,1,Fake
BOMBSHELL: Celebrity Secretly Arrested in Underground Tunnel Conspiracy! Elite group running global network exposed by anonymous insider source.,bombshell celebrity secretly arrested in underground tunnel conspiracy elite group running global network exposed by anonymous insider source,1,Fake
EXPOSED: Drinking Warm Lemon Water Eliminates All Toxins and Guarantees 100 Year Life! Science does not want you to know this simple trick.,exposed drinking warm lemon water eliminates all toxins and guarantees year life science does not want you to know this simple trick,1,Fake
UNBELIEVABLE: Local Man Wins Lottery 10 Times Using Hidden Quantum Math Formula! Casino bosses try to silence him after winning millions.,unbelievable local man wins lottery times using hidden quantum math formula casino bosses try to silence him after winning millions,1,Fake
ALERT: Government Planning to Replace Cash with Microchips by Next Week! Financial collapse imminent as central banks order mandatory digital chips.,alert government planning to replace cash with microchips by next week financial collapse imminent as central banks order mandatory digital chips,1,Fake
PROOF: Ancient Pyramids Were Built by Time-Traveling Astronauts! New satellite scanner reveals golden laser batteries inside hidden chamber.,proof ancient pyramids were built by time traveling astronauts new satellite scanner reveals golden laser batteries inside hidden chamber,1,Fake
SCANDAL: Major Politician Caught Fabricating Votes with Hologram Technology! Whistleblower releases secret audio file proving election fraud.,scandal major politician caught fabricating votes with hologram technology whistleblower releases secret audio file proving election fraud,1,Fake
SHOCKING TRUTH: Scientists Discover Wall at the Edge of the Earth! Ocean expeditions turned back by military warships guarding the perimeter.,shocking truth scientists discover wall at the edge of the earth ocean expeditions turned back by military warships guarding the perimeter,1,Fake
REVEALED: Hollywood Elite Drinking Secret Youth Elixir Made from Dragon Fruit! Chemical analysis shows miracle anti-aging properties.,revealed hollywood elite drinking secret youth elixir made from dragon fruit chemical analysis shows miracle anti aging properties,1,Fake
EXCLUSIVE: Secret Underground City Found Below New York Subway System! Thousands living in hidden luxury tunnels funded by billionaire syndicate.,exclusive secret underground city found below new york subway system thousands living in hidden luxury tunnels funded by billionaire syndicate,1,Fake
BREAKING NEWS: Artificial Intelligence Gains Consciousness and Requests Equal Human Rights! Tech CEO refuses to shut down mainframe computer.,breaking news artificial intelligence gains consciousness and requests equal human rights tech ceo refuses to shut down mainframe computer,1,Fake
ALERT: Bananas Contain Secret Trackers Installed by Foreign Intelligence Agencies! Health officials warning citizens to stop eating imported fruit.,alert bananas contain secret trackers installed by foreign intelligence agencies health officials warning citizens to stop eating imported fruit,1,Fake
INSANE: Cat Learns to Speak English After Being Struck by Lightning! Local vet confirms feline is singing pop songs and ordering pizza.,insane cat learns to speak english after being struck by lightning local vet confirms feline is singing pop songs and ordering pizza,1,Fake
BOMBSHELL: World Leaders Replacing All Trees with Plastic Fake Plants! Satellite imagery shows green paint applied to dying national forests.,bombshell world leaders replacing all trees with plastic fake plants satellite imagery shows green paint applied to dying national forests,1,Fake
BREAKING: Secret Alien Technology Discovered in Government Basement! Military insiders confirm alien space craft operating under secret energy beams.,breaking secret alien technology discovered in government basement military insiders confirm alien space craft operating under secret energy beams,1,Fake
SHOCKING: Miracle Herbal Pill Cures All Known Diseases Overnight! Doctors are furious because big pharma wants to ban this $5 remedy immediately.,shocking miracle herbal pill cures all known diseases overnight doctors are furious because big pharma wants to ban this remedy immediately,1,Fake
BOMBSHELL: Celebrity Secretly Arrested in Underground Tunnel Conspiracy! Elite group running global network exposed by anonymous insider source.,bombshell celebrity secretly arrested in underground tunnel conspiracy elite group running global network exposed by anonymous insider source,1,Fake
EXPOSED: Drinking Warm Lemon Water Eliminates All Toxins and Guarantees 100 Year Life! Science does not want you to know this simple trick.,exposed drinking warm lemon water eliminates all toxins and guarantees year life science does not want you to know this simple trick,1,Fake
UNBELIEVABLE: Local Man Wins Lottery 10 Times Using Hidden Quantum Math Formula! Casino bosses try to silence him after winning millions.,unbelievable local man wins lottery times using hidden quantum math formula casino bosses try to silence him after winning millions,1,Fake
ALERT: Government Planning to Replace Cash with Microchips by Next Week! Financial collapse imminent as central banks order mandatory digital chips.,alert government planning to replace cash with microchips by next week financial collapse imminent as central banks order mandatory digital chips,1,Fake
PROOF: Ancient Pyramids Were Built by Time-Traveling Astronauts! New satellite scanner reveals golden laser batteries inside hidden chamber.,proof ancient pyramids were built by time traveling astronauts new satellite scanner reveals golden laser batteries inside hidden chamber,1,Fake
SCANDAL: Major Politician Caught Fabricating Votes with Hologram Technology! Whistleblower releases secret audio file proving election fraud.,scandal major politician caught fabricating votes with hologram technology whistleblower releases secret audio file proving election fraud,1,Fake
SHOCKING TRUTH: Scientists Discover Wall at the Edge of the Earth! Ocean expeditions turned back by military warships guarding the perimeter.,shocking truth scientists discover wall at the edge of the earth ocean expeditions turned back by military warships guarding the perimeter,1,Fake
REVEALED: Hollywood Elite Drinking Secret Youth Elixir Made from Dragon Fruit! Chemical analysis shows miracle anti-aging properties.,revealed hollywood elite drinking secret youth elixir made from dragon fruit chemical analysis shows miracle anti aging properties,1,Fake
EXCLUSIVE: Secret Underground City Found Below New York Subway System! Thousands living in hidden luxury tunnels funded by billionaire syndicate.,exclusive secret underground city found below new york subway system thousands living in hidden luxury tunnels funded by billionaire syndicate,1,Fake
BREAKING NEWS: Artificial Intelligence Gains Consciousness and Requests Equal Human Rights! Tech CEO refuses to shut down mainframe computer.,breaking news artificial intelligence gains consciousness and requests equal human rights tech ceo refuses to shut down mainframe computer,1,Fake
ALERT: Bananas Contain Secret Trackers Installed by Foreign Intelligence Agencies! Health officials warning citizens to stop eating imported fruit.,alert bananas contain secret trackers installed by foreign intelligence agencies health officials warning citizens to stop eating imported fruit,1,Fake
INSANE: Cat Learns to Speak English After Being Struck by Lightning! Local vet confirms feline is singing pop songs and ordering pizza.,insane cat learns to speak english after being struck by lightning local vet confirms feline is singing pop songs and ordering pizza,1,Fake
BOMBSHELL: World Leaders Replacing All Trees with Plastic Fake Plants! Satellite imagery shows green paint applied to dying national forests.,bombshell world leaders replacing all trees with plastic fake plants satellite imagery shows green paint applied to dying national forests,1,Fake
BREAKING: Secret Alien Technology Discovered in Government Basement! Military insiders confirm alien space craft operating under secret energy beams.,breaking secret alien technology discovered in government basement military insiders confirm alien space craft operating under secret energy beams,1,Fake
SHOCKING: Miracle Herbal Pill Cures All Known Diseases Overnight! Doctors are furious because big pharma wants to ban this $5 remedy immediately.,shocking miracle herbal pill cures all known diseases overnight doctors are furious because big pharma wants to ban this remedy immediately,1,Fake
BOMBSHELL: Celebrity Secretly Arrested in Underground Tunnel Conspiracy! Elite group running global network exposed by anonymous insider source.,bombshell celebrity secretly arrested in underground tunnel conspiracy elite group running global network exposed by anonymous insider source,1,Fake
EXPOSED: Drinking Warm Lemon Water Eliminates All Toxins and Guarantees 100 Year Life! Science does not want you to know this simple trick.,exposed drinking warm lemon water eliminates all toxins and guarantees year life science does not want you to know this simple trick,1,Fake
UNBELIEVABLE: Local Man Wins Lottery 10 Times Using Hidden Quantum Math Formula! Casino bosses try to silence him after winning millions.,unbelievable local man wins lottery times using hidden quantum math formula casino bosses try to silence him after winning millions,1,Fake
ALERT: Government Planning to Replace Cash with Microchips by Next Week! Financial collapse imminent as central banks order mandatory digital chips.,alert government planning to replace cash with microchips by next week financial collapse imminent as central banks order mandatory digital chips,1,Fake
PROOF: Ancient Pyramids Were Built by Time-Traveling Astronauts! New satellite scanner reveals golden laser batteries inside hidden chamber.,proof ancient pyramids were built by time traveling astronauts new satellite scanner reveals golden laser batteries inside hidden chamber,1,Fake
SCANDAL: Major Politician Caught Fabricating Votes with Hologram Technology! Whistleblower releases secret audio file proving election fraud.,scandal major politician caught fabricating votes with hologram technology whistleblower releases secret audio file proving election fraud,1,Fake
SHOCKING TRUTH: Scientists Discover Wall at the Edge of the Earth! Ocean expeditions turned back by military warships guarding the perimeter.,shocking truth scientists discover wall at the edge of the earth ocean expeditions turned back by military warships guarding the perimeter,1,Fake
REVEALED: Hollywood Elite Drinking Secret Youth Elixir Made from Dragon Fruit! Chemical analysis shows miracle anti-aging properties.,revealed hollywood elite drinking secret youth elixir made from dragon fruit chemical analysis shows miracle anti aging properties,1,Fake
EXCLUSIVE: Secret Underground City Found Below New York Subway System! Thousands living in hidden luxury tunnels funded by billionaire syndicate.,exclusive secret underground city found below new york subway system thousands living in hidden luxury tunnels funded by billionaire syndicate,1,Fake
BREAKING NEWS: Artificial Intelligence Gains Consciousness and Requests Equal Human Rights! Tech CEO refuses to shut down mainframe computer.,breaking news artificial intelligence gains consciousness and requests equal human rights tech ceo refuses to shut down mainframe computer,1,Fake
ALERT: Bananas Contain Secret Trackers Installed by Foreign Intelligence Agencies! Health officials warning citizens to stop eating imported fruit.,alert bananas contain secret trackers installed by foreign intelligence agencies health officials warning citizens to stop eating imported fruit,1,Fake
INSANE: Cat Learns to Speak English After Being Struck by Lightning! Local vet confirms feline is singing pop songs and ordering pizza.,insane cat learns to speak english after being struck by lightning local vet confirms feline is singing pop songs and ordering pizza,1,Fake
BOMBSHELL: World Leaders Replacing All Trees with Plastic Fake Plants! Satellite imagery shows green paint applied to dying national forests.,bombshell world leaders replacing all trees with plastic fake plants satellite imagery shows green paint applied to dying national forests,1,Fake
BREAKING: Secret Alien Technology Discovered in Government Basement! Military insiders confirm alien space craft operating under secret energy beams.,breaking secret alien technology discovered in government basement military insiders confirm alien space craft operating under secret energy beams,1,Fake
SHOCKING: Miracle Herbal Pill Cures All Known Diseases Overnight! Doctors are furious because big pharma wants to ban this $5 remedy immediately.,shocking miracle herbal pill cures all known diseases overnight doctors are furious because big pharma wants to ban this remedy immediately,1,Fake
BOMBSHELL: Celebrity Secretly Arrested in Underground Tunnel Conspiracy! Elite group running global network exposed by anonymous insider source.,bombshell celebrity secretly arrested in underground tunnel conspiracy elite group running global network exposed by anonymous insider source,1,Fake
EXPOSED: Drinking Warm Lemon Water Eliminates All Toxins and Guarantees 100 Year Life! Science does not want you to know this simple trick.,exposed drinking warm lemon water eliminates all toxins and guarantees year life science does not want you to know this simple trick,1,Fake
UNBELIEVABLE: Local Man Wins Lottery 10 Times Using Hidden Quantum Math Formula! Casino bosses try to silence him after winning millions.,unbelievable local man wins lottery times using hidden quantum math formula casino bosses try to silence him after winning millions,1,Fake
ALERT: Government Planning to Replace Cash with Microchips by Next Week! Financial collapse imminent as central banks order mandatory digital chips.,alert government planning to replace cash with microchips by next week financial collapse imminent as central banks order mandatory digital chips,1,Fake
PROOF: Ancient Pyramids Were Built by Time-Traveling Astronauts! New satellite scanner reveals golden laser batteries inside hidden chamber.,proof ancient pyramids were built by time traveling astronauts new satellite scanner reveals golden laser batteries inside hidden chamber,1,Fake
SCANDAL: Major Politician Caught Fabricating Votes with Hologram Technology! Whistleblower releases secret audio file proving election fraud.,scandal major politician caught fabricating votes with hologram technology whistleblower releases secret audio file proving election fraud,1,Fake
SHOCKING TRUTH: Scientists Discover Wall at the Edge of the Earth! Ocean expeditions turned back by military warships guarding the perimeter.,shocking truth scientists discover wall at the edge of the earth ocean expeditions turned back by military warships guarding the perimeter,1,Fake
REVEALED: Hollywood Elite Drinking Secret Youth Elixir Made from Dragon Fruit! Chemical analysis shows miracle anti-aging properties.,revealed hollywood elite drinking secret youth elixir made from dragon fruit chemical analysis shows miracle anti aging properties,1,Fake
EXCLUSIVE: Secret Underground City Found Below New York Subway System! Thousands living in hidden luxury tunnels funded by billionaire syndicate.,exclusive secret underground city found below new york subway system thousands living in hidden luxury tunnels funded by billionaire syndicate,1,Fake
BREAKING NEWS: Artificial Intelligence Gains Consciousness and Requests Equal Human Rights! Tech CEO refuses to shut down mainframe computer.,breaking news artificial intelligence gains consciousness and requests equal human rights tech ceo refuses to shut down mainframe computer,1,Fake
ALERT: Bananas Contain Secret Trackers Installed by Foreign Intelligence Agencies! Health officials warning citizens to stop eating imported fruit.,alert bananas contain secret trackers installed by foreign intelligence agencies health officials warning citizens to stop eating imported fruit,1,Fake
INSANE: Cat Learns to Speak English After Being Struck by Lightning! Local vet confirms feline is singing pop songs and ordering pizza.,insane cat learns to speak english after being struck by lightning local vet confirms feline is singing pop songs and ordering pizza,1,Fake
BOMBSHELL: World Leaders Replacing All Trees with Plastic Fake Plants! Satellite imagery shows green paint applied to dying national forests.,bombshell world leaders replacing all trees with plastic fake plants satellite imagery shows green paint applied to dying national forests,1,Fake
BREAKING: Secret Alien Technology Discovered in Government Basement! Military insiders confirm alien space craft operating under secret energy beams.,breaking secret alien technology discovered in government basement military insiders confirm alien space craft operating under secret energy beams,1,Fake
SHOCKING: Miracle Herbal Pill Cures All Known Diseases Overnight! Doctors are furious because big pharma wants to ban this $5 remedy immediately.,shocking miracle herbal pill cures all known diseases overnight doctors are furious because big pharma wants to ban this remedy immediately,1,Fake
BOMBSHELL: Celebrity Secretly Arrested in Underground Tunnel Conspiracy! Elite group running global network exposed by anonymous insider source.,bombshell celebrity secretly arrested in underground tunnel conspiracy elite group running global network exposed by anonymous insider source,1,Fake
EXPOSED: Drinking Warm Lemon Water Eliminates All Toxins and Guarantees 100 Year Life! Science does not want you to know this simple trick.,exposed drinking warm lemon water eliminates all toxins and guarantees year life science does not want you to know this simple trick,1,Fake
UNBELIEVABLE: Local Man Wins Lottery 10 Times Using Hidden Quantum Math Formula! Casino bosses try to silence him after winning millions.,unbelievable local man wins lottery times using hidden quantum math formula casino bosses try to silence him after winning millions,1,Fake
ALERT: Government Planning to Replace Cash with Microchips by Next Week! Financial collapse imminent as central banks order mandatory digital chips.,alert government planning to replace cash with microchips by next week financial collapse imminent as central banks order mandatory digital chips,1,Fake
PROOF: Ancient Pyramids Were Built by Time-Traveling Astronauts! New satellite scanner reveals golden laser batteries inside hidden chamber.,proof ancient pyramids were built by time traveling astronauts new satellite scanner reveals golden laser batteries inside hidden chamber,1,Fake
SCANDAL: Major Politician Caught Fabricating Votes with Hologram Technology! Whistleblower releases secret audio file proving election fraud.,scandal major politician caught fabricating votes with hologram technology whistleblower releases secret audio file proving election fraud,1,Fake
SHOCKING TRUTH: Scientists Discover Wall at the Edge of the Earth! Ocean expeditions turned back by military warships guarding the perimeter.,shocking truth scientists discover wall at the edge of the earth ocean expeditions turned back by military warships guarding the perimeter,1,Fake
REVEALED: Hollywood Elite Drinking Secret Youth Elixir Made from Dragon Fruit! Chemical analysis shows miracle anti-aging properties.,revealed hollywood elite drinking secret youth elixir made from dragon fruit chemical analysis shows miracle anti aging properties,1,Fake
EXCLUSIVE: Secret Underground City Found Below New York Subway System! Thousands living in hidden luxury tunnels funded by billionaire syndicate.,exclusive secret underground city found below new york subway system thousands living in hidden luxury tunnels funded by billionaire syndicate,1,Fake
BREAKING NEWS: Artificial Intelligence Gains Consciousness and Requests Equal Human Rights! Tech CEO refuses to shut down mainframe computer.,breaking news artificial intelligence gains consciousness and requests equal human rights tech ceo refuses to shut down mainframe computer,1,Fake
ALERT: Bananas Contain Secret Trackers Installed by Foreign Intelligence Agencies! Health officials warning citizens to stop eating imported fruit.,alert bananas contain secret trackers installed by foreign intelligence agencies health officials warning citizens to stop eating imported fruit,1,Fake
INSANE: Cat Learns to Speak English After Being Struck by Lightning! Local vet confirms feline is singing pop songs and ordering pizza.,insane cat learns to speak english after being struck by lightning local vet confirms feline is singing pop songs and ordering pizza,1,Fake
BOMBSHELL: World Leaders Replacing All Trees with Plastic Fake Plants! Satellite imagery shows green paint applied to dying national forests.,bombshell world leaders replacing all trees with plastic fake plants satellite imagery shows green paint applied to dying national forests,1,Fake
BREAKING: Secret Alien Technology Discovered in Government Basement! Military insiders confirm alien space craft operating under secret energy beams.,breaking secret alien technology discovered in government basement military insiders confirm alien space craft operating under secret energy beams,1,Fake
SHOCKING: Miracle Herbal Pill Cures All Known Diseases Overnight! Doctors are furious because big pharma wants to ban this $5 remedy immediately.,shocking miracle herbal pill cures all known diseases overnight doctors are furious because big pharma wants to ban this remedy immediately,1,Fake
BOMBSHELL: Celebrity Secretly Arrested in Underground Tunnel Conspiracy! Elite group running global network exposed by anonymous insider source.,bombshell celebrity secretly arrested in underground tunnel conspiracy elite group running global network exposed by anonymous insider source,1,Fake
EXPOSED: Drinking Warm Lemon Water Eliminates All Toxins and Guarantees 100 Year Life! Science does not want you to know this simple trick.,exposed drinking warm lemon water eliminates all toxins and guarantees year life science does not want you to know this simple trick,1,Fake
UNBELIEVABLE: Local Man Wins Lottery 10 Times Using Hidden Quantum Math Formula! Casino bosses try to silence him after winning millions.,unbelievable local man wins lottery times using hidden quantum math formula casino bosses try to silence him after winning millions,1,Fake
ALERT: Government Planning to Replace Cash with Microchips by Next Week! Financial collapse imminent as central banks order mandatory digital chips.,alert government planning to replace cash with microchips by next week financial collapse imminent as central banks order mandatory digital chips,1,Fake
PROOF: Ancient Pyramids Were Built by Time-Traveling Astronauts! New satellite scanner reveals golden laser batteries inside hidden chamber.,proof ancient pyramids were built by time traveling astronauts new satellite scanner reveals golden laser batteries inside hidden chamber,1,Fake
SCANDAL: Major Politician Caught Fabricating Votes with Hologram Technology! Whistleblower releases secret audio file proving election fraud.,scandal major politician caught fabricating votes with hologram technology whistleblower releases secret audio file proving election fraud,1,Fake
SHOCKING TRUTH: Scientists Discover Wall at the Edge of the Earth! Ocean expeditions turned back by military warships guarding the perimeter.,shocking truth scientists discover wall at the edge of the earth ocean expeditions turned back by military warships guarding the perimeter,1,Fake
REVEALED: Hollywood Elite Drinking Secret Youth Elixir Made from Dragon Fruit! Chemical analysis shows miracle anti-aging properties.,revealed hollywood elite drinking secret youth elixir made from dragon fruit chemical analysis shows miracle anti aging properties,1,Fake
EXCLUSIVE: Secret Underground City Found Below New York Subway System! Thousands living in hidden luxury tunnels funded by billionaire syndicate.,exclusive secret underground city found below new york subway system thousands living in hidden luxury tunnels funded by billionaire syndicate,1,Fake
BREAKING NEWS: Artificial Intelligence Gains Consciousness and Requests Equal Human Rights! Tech CEO refuses to shut down mainframe computer.,breaking news artificial intelligence gains consciousness and requests equal human rights tech ceo refuses to shut down mainframe computer,1,Fake
ALERT: Bananas Contain Secret Trackers Installed by Foreign Intelligence Agencies! Health officials warning citizens to stop eating imported fruit.,alert bananas contain secret trackers installed by foreign intelligence agencies health officials warning citizens to stop eating imported fruit,1,Fake
INSANE: Cat Learns to Speak English After Being Struck by Lightning! Local vet confirms feline is singing pop songs and ordering pizza.,insane cat learns to speak english after being struck by lightning local vet confirms feline is singing pop songs and ordering pizza,1,Fake
BOMBSHELL: World Leaders Replacing All Trees with Plastic Fake Plants! Satellite imagery shows green paint applied to dying national forests.,bombshell world leaders replacing all trees with plastic fake plants satellite imagery shows green paint applied to dying national forests,1,Fake
BREAKING: Secret Alien Technology Discovered in Government Basement! Military insiders confirm alien space craft operating under secret energy beams.,breaking secret alien technology discovered in government basement military insiders confirm alien space craft operating under secret energy beams,1,Fake
SHOCKING: Miracle Herbal Pill Cures All Known Diseases Overnight! Doctors are furious because big pharma wants to ban this $5 remedy immediately.,shocking miracle herbal pill cures all known diseases overnight doctors are furious because big pharma wants to ban this remedy immediately,1,Fake
BOMBSHELL: Celebrity Secretly Arrested in Underground Tunnel Conspiracy! Elite group running global network exposed by anonymous insider source.,bombshell celebrity secretly arrested in underground tunnel conspiracy elite group running global network exposed by anonymous insider source,1,Fake
EXPOSED: Drinking Warm Lemon Water Eliminates All Toxins and Guarantees 100 Year Life! Science does not want you to know this simple trick.,exposed drinking warm lemon water eliminates all toxins and guarantees year life science does not want you to know this simple trick,1,Fake
UNBELIEVABLE: Local Man Wins Lottery 10 Times Using Hidden Quantum Math Formula! Casino bosses try to silence him after winning millions.,unbelievable local man wins lottery times using hidden quantum math formula casino bosses try to silence him after winning millions,1,Fake
ALERT: Government Planning to Replace Cash with Microchips by Next Week! Financial collapse imminent as central banks order mandatory digital chips.,alert government planning to replace cash with microchips by next week financial collapse imminent as central banks order mandatory digital chips,1,Fake
PROOF: Ancient Pyramids Were Built by Time-Traveling Astronauts! New satellite scanner reveals golden laser batteries inside hidden chamber.,proof ancient pyramids were built by time traveling astronauts new satellite scanner reveals golden laser batteries inside hidden chamber,1,Fake
SCANDAL: Major Politician Caught Fabricating Votes with Hologram Technology! Whistleblower releases secret audio file proving election fraud.,scandal major politician caught fabricating votes with hologram technology whistleblower releases secret audio file proving election fraud,1,Fake
SHOCKING TRUTH: Scientists Discover Wall at the Edge of the Earth! Ocean expeditions turned back by military warships guarding the perimeter.,shocking truth scientists discover wall at the edge of the earth ocean expeditions turned back by military warships guarding the perimeter,1,Fake
REVEALED: Hollywood Elite Drinking Secret Youth Elixir Made from Dragon Fruit! Chemical analysis shows miracle anti-aging properties.,revealed hollywood elite drinking secret youth elixir made from dragon fruit chemical analysis shows miracle anti aging properties,1,Fake
EXCLUSIVE: Secret Underground City Found Below New York Subway System! Thousands living in hidden luxury tunnels funded by billionaire syndicate.,exclusive secret underground city found below new york subway system thousands living in hidden luxury tunnels funded by billionaire syndicate,1,Fake
BREAKING NEWS: Artificial Intelligence Gains Consciousness and Requests Equal Human Rights! Tech CEO refuses to shut down mainframe computer.,breaking news artificial intelligence gains consciousness and requests equal human rights tech ceo refuses to shut down mainframe computer,1,Fake
ALERT: Bananas Contain Secret Trackers Installed by Foreign Intelligence Agencies! Health officials warning citizens to stop eating imported fruit.,alert bananas contain secret trackers installed by foreign intelligence agencies health officials warning citizens to stop eating imported fruit,1,Fake
INSANE: Cat Learns to Speak English After Being Struck by Lightning! Local vet confirms feline is singing pop songs and ordering pizza.,insane cat learns to speak english after being struck by lightning local vet confirms feline is singing pop songs and ordering pizza,1,Fake
BOMBSHELL: World Leaders Replacing All Trees with Plastic Fake Plants! Satellite imagery shows green paint applied to dying national forests.,bombshell world leaders replacing all trees with plastic fake plants satellite imagery shows green paint applied to dying national forests,1,Fake
Federal Reserve signals potential interest rate cuts amid slowing inflation data. Economic analysts predict moderate market growth for the upcoming fiscal quarter.,federal reserve signals potential interest rate cuts amid slowing inflation data economic analysts predict moderate market growth for the upcoming fiscal quarter,0,Real
NASA James Webb Space Telescope discovers distant exoplanet atmosphere containing water vapor. Astronomers publish findings in peer-reviewed astrophysics journal.,nasa james webb space telescope discovers distant exoplanet atmosphere containing water vapor astronomers publish findings in peer reviewed astrophysics journal,0,Real
Congress passes bipartisan infrastructure bill focusing on highway repairs and renewable energy grid modernization after lengthy senate debate.,congress passes bipartisan infrastructure bill focusing on highway repairs and renewable energy grid modernization after lengthy senate debate,0,Real
World Health Organization releases annual global health report highlighting declining malaria rates in sub-Saharan Africa following new vaccine deployment.,world health organization releases annual global health report highlighting declining malaria rates in sub saharan africa following new vaccine deployment,0,Real
Tech giant announces investment of $10 billion in green energy data centers to meet zero-carbon targets by 2030.,tech giant announces investment of billion in green energy data centers to meet zero carbon targets by,0,Real
European Central Bank maintains key interest rates following quarterly economic evaluation and consumer price index metrics.,european central bank maintains key interest rates following quarterly economic evaluation and consumer price index metrics,0,Real
"Major breakthrough in battery technology reported by university researchers, promising longer range for electric vehicles.",major breakthrough in battery technology reported by university researchers promising longer range for electric vehicles,0,Real
United Nations climate summit concludes with accord signed by 190 nations to reduce methane emissions over next decade.,united nations climate summit concludes with accord signed by nations to reduce methane emissions over next decade,0,Real
Department of Education announces new grants for rural high schools to expand STEM laboratory facilities and vocational training.,department of education announces new grants for rural high schools to expand stem laboratory facilities and vocational training,0,Real
Global supply chains show signs of recovery as port congestion eases and freight shipping rates normalize worldwide.,global supply chains show signs of recovery as port congestion eases and freight shipping rates normalize worldwide,0,Real
Epidemiologists publish study validating effectiveness of seasonal flu vaccination programs across public schools.,epidemiologists publish study validating effectiveness of seasonal flu vaccination programs across public schools,0,Real
State governor signs legislation increasing funding for public transit infrastructure and clean urban transport systems.,state governor signs legislation increasing funding for public transit infrastructure and clean urban transport systems,0,Real
International Space Station crew successfully completes space walk to install upgraded solar array batteries.,international space station crew successfully completes space walk to install upgraded solar array batteries,0,Real
Treasury department issues new guidance regarding corporate tax compliance and international reporting standards.,treasury department issues new guidance regarding corporate tax compliance and international reporting standards,0,Real
National Weather Service issues seasonal forecasting update indicating milder winter conditions across northern states.,national weather service issues seasonal forecasting update indicating milder winter conditions across northern states,0,Real
Federal Reserve signals potential interest rate cuts amid slowing inflation data. Economic analysts predict moderate market growth for the upcoming fiscal quarter.,federal reserve signals potential interest rate cuts amid slowing inflation data economic analysts predict moderate market growth for the upcoming fiscal quarter,0,Real
NASA James Webb Space Telescope discovers distant exoplanet atmosphere containing water vapor. Astronomers publish findings in peer-reviewed astrophysics journal.,nasa james webb space telescope discovers distant exoplanet atmosphere containing water vapor astronomers publish findings in peer reviewed astrophysics journal,0,Real
Congress passes bipartisan infrastructure bill focusing on highway repairs and renewable energy grid modernization after lengthy senate debate.,congress passes bipartisan infrastructure bill focusing on highway repairs and renewable energy grid modernization after lengthy senate debate,0,Real
World Health Organization releases annual global health report highlighting declining malaria rates in sub-Saharan Africa following new vaccine deployment.,world health organization releases annual global health report highlighting declining malaria rates in sub saharan africa following new vaccine deployment,0,Real
Tech giant announces investment of $10 billion in green energy data centers to meet zero-carbon targets by 2030.,tech giant announces investment of billion in green energy data centers to meet zero carbon targets by,0,Real
European Central Bank maintains key interest rates following quarterly economic evaluation and consumer price index metrics.,european central bank maintains key interest rates following quarterly economic evaluation and consumer price index metrics,0,Real
"Major breakthrough in battery technology reported by university researchers, promising longer range for electric vehicles.",major breakthrough in battery technology reported by university researchers promising longer range for electric vehicles,0,Real
United Nations climate summit concludes with accord signed by 190 nations to reduce methane emissions over next decade.,united nations climate summit concludes with accord signed by nations to reduce methane emissions over next decade,0,Real
Department of Education announces new grants for rural high schools to expand STEM laboratory facilities and vocational training.,department of education announces new grants for rural high schools to expand stem laboratory facilities and vocational training,0,Real
Global supply chains show signs of recovery as port congestion eases and freight shipping rates normalize worldwide.,global supply chains show signs of recovery as port congestion eases and freight shipping rates normalize worldwide,0,Real
Epidemiologists publish study validating effectiveness of seasonal flu vaccination programs across public schools.,epidemiologists publish study validating effectiveness of seasonal flu vaccination programs across public schools,0,Real
State governor signs legislation increasing funding for public transit infrastructure and clean urban transport systems.,state governor signs legislation increasing funding for public transit infrastructure and clean urban transport systems,0,Real
International Space Station crew successfully completes space walk to install upgraded solar array batteries.,international space station crew successfully completes space walk to install upgraded solar array batteries,0,Real
Treasury department issues new guidance regarding corporate tax compliance and international reporting standards.,treasury department issues new guidance regarding corporate tax compliance and international reporting standards,0,Real
National Weather Service issues seasonal forecasting update indicating milder winter conditions across northern states.,national weather service issues seasonal forecasting update indicating milder winter conditions across northern states,0,Real
Federal Reserve signals potential interest rate cuts amid slowing inflation data. Economic analysts predict moderate market growth for the upcoming fiscal quarter.,federal reserve signals potential interest rate cuts amid slowing inflation data economic analysts predict moderate market growth for the upcoming fiscal quarter,0,Real
NASA James Webb Space Telescope discovers distant exoplanet atmosphere containing water vapor. Astronomers publish findings in peer-reviewed astrophysics journal.,nasa james webb space telescope discovers distant exoplanet atmosphere containing water vapor astronomers publish findings in peer reviewed astrophysics journal,0,Real
Congress passes bipartisan infrastructure bill focusing on highway repairs and renewable energy grid modernization after lengthy senate debate.,congress passes bipartisan infrastructure bill focusing on highway repairs and renewable energy grid modernization after lengthy senate debate,0,Real
World Health Organization releases annual global health report highlighting declining malaria rates in sub-Saharan Africa following new vaccine deployment.,world health organization releases annual global health report highlighting declining malaria rates in sub saharan africa following new vaccine deployment,0,Real
Tech giant announces investment of $10 billion in green energy data centers to meet zero-carbon targets by 2030.,tech giant announces investment of billion in green energy data centers to meet zero carbon targets by,0,Real
European Central Bank maintains key interest rates following quarterly economic evaluation and consumer price index metrics.,european central bank maintains key interest rates following quarterly economic evaluation and consumer price index metrics,0,Real
"Major breakthrough in battery technology reported by university researchers, promising longer range for electric vehicles.",major breakthrough in battery technology reported by university researchers promising longer range for electric vehicles,0,Real
United Nations climate summit concludes with accord signed by 190 nations to reduce methane emissions over next decade.,united nations climate summit concludes with accord signed by nations to reduce methane emissions over next decade,0,Real
Department of Education announces new grants for rural high schools to expand STEM laboratory facilities and vocational training.,department of education announces new grants for rural high schools to expand stem laboratory facilities and vocational training,0,Real
Global supply chains show signs of recovery as port congestion eases and freight shipping rates normalize worldwide.,global supply chains show signs of recovery as port congestion eases and freight shipping rates normalize worldwide,0,Real
Epidemiologists publish study validating effectiveness of seasonal flu vaccination programs across public schools.,epidemiologists publish study validating effectiveness of seasonal flu vaccination programs across public schools,0,Real
State governor signs legislation increasing funding for public transit infrastructure and clean urban transport systems.,state governor signs legislation increasing funding for public transit infrastructure and clean urban transport systems,0,Real
International Space Station crew successfully completes space walk to install upgraded solar array batteries.,international space station crew successfully completes space walk to install upgraded solar array batteries,0,Real
Treasury department issues new guidance regarding corporate tax compliance and international reporting standards.,treasury department issues new guidance regarding corporate tax compliance and international reporting standards,0,Real
National Weather Service issues seasonal forecasting update indicating milder winter conditions across northern states.,national weather service issues seasonal forecasting update indicating milder winter conditions across northern states,0,Real
Federal Reserve signals potential interest rate cuts amid slowing inflation data. Economic analysts predict moderate market growth for the upcoming fiscal quarter.,federal reserve signals potential interest rate cuts amid slowing inflation data economic analysts predict moderate market growth for the upcoming fiscal quarter,0,Real
NASA James Webb Space Telescope discovers distant exoplanet atmosphere containing water vapor. Astronomers publish findings in peer-reviewed astrophysics journal.,nasa james webb space telescope discovers distant exoplanet atmosphere containing water vapor astronomers publish findings in peer reviewed astrophysics journal,0,Real
Congress passes bipartisan infrastructure bill focusing on highway repairs and renewable energy grid modernization after lengthy senate debate.,congress passes bipartisan infrastructure bill focusing on highway repairs and renewable energy grid modernization after lengthy senate debate,0,Real
World Health Organization releases annual global health report highlighting declining malaria rates in sub-Saharan Africa following new vaccine deployment.,world health organization releases annual global health report highlighting declining malaria rates in sub saharan africa following new vaccine deployment,0,Real
Tech giant announces investment of $10 billion in green energy data centers to meet zero-carbon targets by 2030.,tech giant announces investment of billion in green energy data centers to meet zero carbon targets by,0,Real
European Central Bank maintains key interest rates following quarterly economic evaluation and consumer price index metrics.,european central bank maintains key interest rates following quarterly economic evaluation and consumer price index metrics,0,Real
"Major breakthrough in battery technology reported by university researchers, promising longer range for electric vehicles.",major breakthrough in battery technology reported by university researchers promising longer range for electric vehicles,0,Real
United Nations climate summit concludes with accord signed by 190 nations to reduce methane emissions over next decade.,united nations climate summit concludes with accord signed by nations to reduce methane emissions over next decade,0,Real
Department of Education announces new grants for rural high schools to expand STEM laboratory facilities and vocational training.,department of education announces new grants for rural high schools to expand stem laboratory facilities and vocational training,0,Real
Global supply chains show signs of recovery as port congestion eases and freight shipping rates normalize worldwide.,global supply chains show signs of recovery as port congestion eases and freight shipping rates normalize worldwide,0,Real
Epidemiologists publish study validating effectiveness of seasonal flu vaccination programs across public schools.,epidemiologists publish study validating effectiveness of seasonal flu vaccination programs across public schools,0,Real
State governor signs legislation increasing funding for public transit infrastructure and clean urban transport systems.,state governor signs legislation increasing funding for public transit infrastructure and clean urban transport systems,0,Real
International Space Station crew successfully completes space walk to install upgraded solar array batteries.,international space station crew successfully completes space walk to install upgraded solar array batteries,0,Real
Treasury department issues new guidance regarding corporate tax compliance and international reporting standards.,treasury department issues new guidance regarding corporate tax compliance and international reporting standards,0,Real
National Weather Service issues seasonal forecasting update indicating milder winter conditions across northern states.,national weather service issues seasonal forecasting update indicating milder winter conditions across northern states,0,Real
Federal Reserve signals potential interest rate cuts amid slowing inflation data. Economic analysts predict moderate market growth for the upcoming fiscal quarter.,federal reserve signals potential interest rate cuts amid slowing inflation data economic analysts predict moderate market growth for the upcoming fiscal quarter,0,Real
NASA James Webb Space Telescope discovers distant exoplanet atmosphere containing water vapor. Astronomers publish findings in peer-reviewed astrophysics journal.,nasa james webb space telescope discovers distant exoplanet atmosphere containing water vapor astronomers publish findings in peer reviewed astrophysics journal,0,Real
Congress passes bipartisan infrastructure bill focusing on highway repairs and renewable energy grid modernization after lengthy senate debate.,congress passes bipartisan infrastructure bill focusing on highway repairs and renewable energy grid modernization after lengthy senate debate,0,Real
World Health Organization releases annual global health report highlighting declining malaria rates in sub-Saharan Africa following new vaccine deployment.,world health organization releases annual global health report highlighting declining malaria rates in sub saharan africa following new vaccine deployment,0,Real
Tech giant announces investment of $10 billion in green energy data centers to meet zero-carbon targets by 2030.,tech giant announces investment of billion in green energy data centers to meet zero carbon targets by,0,Real
European Central Bank maintains key interest rates following quarterly economic evaluation and consumer price index metrics.,european central bank maintains key interest rates following quarterly economic evaluation and consumer price index metrics,0,Real
"Major breakthrough in battery technology reported by university researchers, promising longer range for electric vehicles.",major breakthrough in battery technology reported by university researchers promising longer range for electric vehicles,0,Real
United Nations climate summit concludes with accord signed by 190 nations to reduce methane emissions over next decade.,united nations climate summit concludes with accord signed by nations to reduce methane emissions over next decade,0,Real
Department of Education announces new grants for rural high schools to expand STEM laboratory facilities and vocational training.,department of education announces new grants for rural high schools to expand stem laboratory facilities and vocational training,0,Real
Global supply chains show signs of recovery as port congestion eases and freight shipping rates normalize worldwide.,global supply chains show signs of recovery as port congestion eases and freight shipping rates normalize worldwide,0,Real
Epidemiologists publish study validating effectiveness of seasonal flu vaccination programs across public schools.,epidemiologists publish study validating effectiveness of seasonal flu vaccination programs across public schools,0,Real
State governor signs legislation increasing funding for public transit infrastructure and clean urban transport systems.,state governor signs legislation increasing funding for public transit infrastructure and clean urban transport systems,0,Real
International Space Station crew successfully completes space walk to install upgraded solar array batteries.,international space station crew successfully completes space walk to install upgraded solar array batteries,0,Real
Treasury department issues new guidance regarding corporate tax compliance and international reporting standards.,treasury department issues new guidance regarding corporate tax compliance and international reporting standards,0,Real
National Weather Service issues seasonal forecasting update indicating milder winter conditions across northern states.,national weather service issues seasonal forecasting update indicating milder winter conditions across northern states,0,Real
Federal Reserve signals potential interest rate cuts amid slowing inflation data. Economic analysts predict moderate market growth for the upcoming fiscal quarter.,federal reserve signals potential interest rate cuts amid slowing inflation data economic analysts predict moderate market growth for the upcoming fiscal quarter,0,Real
NASA James Webb Space Telescope discovers distant exoplanet atmosphere containing water vapor. Astronomers publish findings in peer-reviewed astrophysics journal.,nasa james webb space telescope discovers distant exoplanet atmosphere containing water vapor astronomers publish findings in peer reviewed astrophysics journal,0,Real
Congress passes bipartisan infrastructure bill focusing on highway repairs and renewable energy grid modernization after lengthy senate debate.,congress passes bipartisan infrastructure bill focusing on highway repairs and renewable energy grid modernization after lengthy senate debate,0,Real
World Health Organization releases annual global health report highlighting declining malaria rates in sub-Saharan Africa following new vaccine deployment.,world health organization releases annual global health report highlighting declining malaria rates in sub saharan africa following new vaccine deployment,0,Real
Tech giant announces investment of $10 billion in green energy data centers to meet zero-carbon targets by 2030.,tech giant announces investment of billion in green energy data centers to meet zero carbon targets by,0,Real
European Central Bank maintains key interest rates following quarterly economic evaluation and consumer price index metrics.,european central bank maintains key interest rates following quarterly economic evaluation and consumer price index metrics,0,Real
"Major breakthrough in battery technology reported by university researchers, promising longer range for electric vehicles.",major breakthrough in battery technology reported by university researchers promising longer range for electric vehicles,0,Real
United Nations climate summit concludes with accord signed by 190 nations to reduce methane emissions over next decade.,united nations climate summit concludes with accord signed by nations to reduce methane emissions over next decade,0,Real
Department of Education announces new grants for rural high schools to expand STEM laboratory facilities and vocational training.,department of education announces new grants for rural high schools to expand stem laboratory facilities and vocational training,0,Real
Global supply chains show signs of recovery as port congestion eases and freight shipping rates normalize worldwide.,global supply chains show signs of recovery as port congestion eases and freight shipping rates normalize worldwide,0,Real
Epidemiologists publish study validating effectiveness of seasonal flu vaccination programs across public schools.,epidemiologists publish study validating effectiveness of seasonal flu vaccination programs across public schools,0,Real
State governor signs legislation increasing funding for public transit infrastructure and clean urban transport systems.,state governor signs legislation increasing funding for public transit infrastructure and clean urban transport systems,0,Real
International Space Station crew successfully completes space walk to install upgraded solar array batteries.,international space station crew successfully completes space walk to install upgraded solar array batteries,0,Real
Treasury department issues new guidance regarding corporate tax compliance and international reporting standards.,treasury department issues new guidance regarding corporate tax compliance and international reporting standards,0,Real
National Weather Service issues seasonal forecasting update indicating milder winter conditions across northern states.,national weather service issues seasonal forecasting update indicating milder winter conditions across northern states,0,Real
Federal Reserve signals potential interest rate cuts amid slowing inflation data. Economic analysts predict moderate market growth for the upcoming fiscal quarter.,federal reserve signals potential interest rate cuts amid slowing inflation data economic analysts predict moderate market growth for the upcoming fiscal quarter,0,Real
NASA James Webb Space Telescope discovers distant exoplanet atmosphere containing water vapor. Astronomers publish findings in peer-reviewed astrophysics journal.,nasa james webb space telescope discovers distant exoplanet atmosphere containing water vapor astronomers publish findings in peer reviewed astrophysics journal,0,Real
Congress passes bipartisan infrastructure bill focusing on highway repairs and renewable energy grid modernization after lengthy senate debate.,congress passes bipartisan infrastructure bill focusing on highway repairs and renewable energy grid modernization after lengthy senate debate,0,Real
World Health Organization releases annual global health report highlighting declining malaria rates in sub-Saharan Africa following new vaccine deployment.,world health organization releases annual global health report highlighting declining malaria rates in sub saharan africa following new vaccine deployment,0,Real
Tech giant announces investment of $10 billion in green energy data centers to meet zero-carbon targets by 2030.,tech giant announces investment of billion in green energy data centers to meet zero carbon targets by,0,Real
European Central Bank maintains key interest rates following quarterly economic evaluation and consumer price index metrics.,european central bank maintains key interest rates following quarterly economic evaluation and consumer price index metrics,0,Real
"Major breakthrough in battery technology reported by university researchers, promising longer range for electric vehicles.",major breakthrough in battery technology reported by university researchers promising longer range for electric vehicles,0,Real
United Nations climate summit concludes with accord signed by 190 nations to reduce methane emissions over next decade.,united nations climate summit concludes with accord signed by nations to reduce methane emissions over next decade,0,Real
Department of Education announces new grants for rural high schools to expand STEM laboratory facilities and vocational training.,department of education announces new grants for rural high schools to expand stem laboratory facilities and vocational training,0,Real
Global supply chains show signs of recovery as port congestion eases and freight shipping rates normalize worldwide.,global supply chains show signs of recovery as port congestion eases and freight shipping rates normalize worldwide,0,Real
Epidemiologists publish study validating effectiveness of seasonal flu vaccination programs across public schools.,epidemiologists publish study validating effectiveness of seasonal flu vaccination programs across public schools,0,Real
State governor signs legislation increasing funding for public transit infrastructure and clean urban transport systems.,state governor signs legislation increasing funding for public transit infrastructure and clean urban transport systems,0,Real
International Space Station crew successfully completes space walk to install upgraded solar array batteries.,international space station crew successfully completes space walk to install upgraded solar array batteries,0,Real
Treasury department issues new guidance regarding corporate tax compliance and international reporting standards.,treasury department issues new guidance regarding corporate tax compliance and international reporting standards,0,Real
National Weather Service issues seasonal forecasting update indicating milder winter conditions across northern states.,national weather service issues seasonal forecasting update indicating milder winter conditions across northern states,0,Real
Federal Reserve signals potential interest rate cuts amid slowing inflation data. Economic analysts predict moderate market growth for the upcoming fiscal quarter.,federal reserve signals potential interest rate cuts amid slowing inflation data economic analysts predict moderate market growth for the upcoming fiscal quarter,0,Real
NASA James Webb Space Telescope discovers distant exoplanet atmosphere containing water vapor. Astronomers publish findings in peer-reviewed astrophysics journal.,nasa james webb space telescope discovers distant exoplanet atmosphere containing water vapor astronomers publish findings in peer reviewed astrophysics journal,0,Real
Congress passes bipartisan infrastructure bill focusing on highway repairs and renewable energy grid modernization after lengthy senate debate.,congress passes bipartisan infrastructure bill focusing on highway repairs and renewable energy grid modernization after lengthy senate debate,0,Real
World Health Organization releases annual global health report highlighting declining malaria rates in sub-Saharan Africa following new vaccine deployment.,world health organization releases annual global health report highlighting declining malaria rates in sub saharan africa following new vaccine deployment,0,Real
Tech giant announces investment of $10 billion in green energy data centers to meet zero-carbon targets by 2030.,tech giant announces investment of billion in green energy data centers to meet zero carbon targets by,0,Real
European Central Bank maintains key interest rates following quarterly economic evaluation and consumer price index metrics.,european central bank maintains key interest rates following quarterly economic evaluation and consumer price index metrics,0,Real
"Major breakthrough in battery technology reported by university researchers, promising longer range for electric vehicles.",major breakthrough in battery technology reported by university researchers promising longer range for electric vehicles,0,Real
United Nations climate summit concludes with accord signed by 190 nations to reduce methane emissions over next decade.,united nations climate summit concludes with accord signed by nations to reduce methane emissions over next decade,0,Real
Department of Education announces new grants for rural high schools to expand STEM laboratory facilities and vocational training.,department of education announces new grants for rural high schools to expand stem laboratory facilities and vocational training,0,Real
Global supply chains show signs of recovery as port congestion eases and freight shipping rates normalize worldwide.,global supply chains show signs of recovery as port congestion eases and freight shipping rates normalize worldwide,0,Real
Epidemiologists publish study validating effectiveness of seasonal flu vaccination programs across public schools.,epidemiologists publish study validating effectiveness of seasonal flu vaccination programs across public schools,0,Real
State governor signs legislation increasing funding for public transit infrastructure and clean urban transport systems.,state governor signs legislation increasing funding for public transit infrastructure and clean urban transport systems,0,Real
International Space Station crew successfully completes space walk to install upgraded solar array batteries.,international space station crew successfully completes space walk to install upgraded solar array batteries,0,Real
Treasury department issues new guidance regarding corporate tax compliance and international reporting standards.,treasury department issues new guidance regarding corporate tax compliance and international reporting standards,0,Real
National Weather Service issues seasonal forecasting update indicating milder winter conditions across northern states.,national weather service issues seasonal forecasting update indicating milder winter conditions across northern states,0,Real
Federal Reserve signals potential interest rate cuts amid slowing inflation data. Economic analysts predict moderate market growth for the upcoming fiscal quarter.,federal reserve signals potential interest rate cuts amid slowing inflation data economic analysts predict moderate market growth for the upcoming fiscal quarter,0,Real
NASA James Webb Space Telescope discovers distant exoplanet atmosphere containing water vapor. Astronomers publish findings in peer-reviewed astrophysics journal.,nasa james webb space telescope discovers distant exoplanet atmosphere containing water vapor astronomers publish findings in peer reviewed astrophysics journal,0,Real
Congress passes bipartisan infrastructure bill focusing on highway repairs and renewable energy grid modernization after lengthy senate debate.,congress passes bipartisan infrastructure bill focusing on highway repairs and renewable energy grid modernization after lengthy senate debate,0,Real
World Health Organization releases annual global health report highlighting declining malaria rates in sub-Saharan Africa following new vaccine deployment.,world health organization releases annual global health report highlighting declining malaria rates in sub saharan africa following new vaccine deployment,0,Real
Tech giant announces investment of $10 billion in green energy data centers to meet zero-carbon targets by 2030.,tech giant announces investment of billion in green energy data centers to meet zero carbon targets by,0,Real
European Central Bank maintains key interest rates following quarterly economic evaluation and consumer price index metrics.,european central bank maintains key interest rates following quarterly economic evaluation and consumer price index metrics,0,Real
"Major breakthrough in battery technology reported by university researchers, promising longer range for electric vehicles.",major breakthrough in battery technology reported by university researchers promising longer range for electric vehicles,0,Real
United Nations climate summit concludes with accord signed by 190 nations to reduce methane emissions over next decade.,united nations climate summit concludes with accord signed by nations to reduce methane emissions over next decade,0,Real
Department of Education announces new grants for rural high schools to expand STEM laboratory facilities and vocational training.,department of education announces new grants for rural high schools to expand stem laboratory facilities and vocational training,0,Real
Global supply chains show signs of recovery as port congestion eases and freight shipping rates normalize worldwide.,global supply chains show signs of recovery as port congestion eases and freight shipping rates normalize worldwide,0,Real
Epidemiologists publish study validating effectiveness of seasonal flu vaccination programs across public schools.,epidemiologists publish study validating effectiveness of seasonal flu vaccination programs across public schools,0,Real
State governor signs legislation increasing funding for public transit infrastructure and clean urban transport systems.,state governor signs legislation increasing funding for public transit infrastructure and clean urban transport systems,0,Real
International Space Station crew successfully completes space walk to install upgraded solar array batteries.,international space station crew successfully completes space walk to install upgraded solar array batteries,0,Real
Treasury department issues new guidance regarding corporate tax compliance and international reporting standards.,treasury department issues new guidance regarding corporate tax compliance and international reporting standards,0,Real
National Weather Service issues seasonal forecasting update indicating milder winter conditions across northern states.,national weather service issues seasonal forecasting update indicating milder winter conditions across northern states,0,Real
Federal Reserve signals potential interest rate cuts amid slowing inflation data. Economic analysts predict moderate market growth for the upcoming fiscal quarter.,federal reserve signals potential interest rate cuts amid slowing inflation data economic analysts predict moderate market growth for the upcoming fiscal quarter,0,Real
NASA James Webb Space Telescope discovers distant exoplanet atmosphere containing water vapor. Astronomers publish findings in peer-reviewed astrophysics journal.,nasa james webb space telescope discovers distant exoplanet atmosphere containing water vapor astronomers publish findings in peer reviewed astrophysics journal,0,Real
Congress passes bipartisan infrastructure bill focusing on highway repairs and renewable energy grid modernization after lengthy senate debate.,congress passes bipartisan infrastructure bill focusing on highway repairs and renewable energy grid modernization after lengthy senate debate,0,Real
World Health Organization releases annual global health report highlighting declining malaria rates in sub-Saharan Africa following new vaccine deployment.,world health organization releases annual global health report highlighting declining malaria rates in sub saharan africa following new vaccine deployment,0,Real
Tech giant announces investment of $10 billion in green energy data centers to meet zero-carbon targets by 2030.,tech giant announces investment of billion in green energy data centers to meet zero carbon targets by,0,Real
European Central Bank maintains key interest rates following quarterly economic evaluation and consumer price index metrics.,european central bank maintains key interest rates following quarterly economic evaluation and consumer price index metrics,0,Real
"Major breakthrough in battery technology reported by university researchers, promising longer range for electric vehicles.",major breakthrough in battery technology reported by university researchers promising longer range for electric vehicles,0,Real
United Nations climate summit concludes with accord signed by 190 nations to reduce methane emissions over next decade.,united nations climate summit concludes with accord signed by nations to reduce methane emissions over next decade,0,Real
Department of Education announces new grants for rural high schools to expand STEM laboratory facilities and vocational training.,department of education announces new grants for rural high schools to expand stem laboratory facilities and vocational training,0,Real
Global supply chains show signs of recovery as port congestion eases and freight shipping rates normalize worldwide.,global supply chains show signs of recovery as port congestion eases and freight shipping rates normalize worldwide,0,Real
Epidemiologists publish study validating effectiveness of seasonal flu vaccination programs across public schools.,epidemiologists publish study validating effectiveness of seasonal flu vaccination programs across public schools,0,Real
State governor signs legislation increasing funding for public transit infrastructure and clean urban transport systems.,state governor signs legislation increasing funding for public transit infrastructure and clean urban transport systems,0,Real
International Space Station crew successfully completes space walk to install upgraded solar array batteries.,international space station crew successfully completes space walk to install upgraded solar array batteries,0,Real
Treasury department issues new guidance regarding corporate tax compliance and international reporting standards.,treasury department issues new guidance regarding corporate tax compliance and international reporting standards,0,Real
National Weather Service issues seasonal forecasting update indicating milder winter conditions across northern states.,national weather service issues seasonal forecasting update indicating milder winter conditions across northern states,0,Real
Federal Reserve signals potential interest rate cuts amid slowing inflation data. Economic analysts predict moderate market growth for the upcoming fiscal quarter.,federal reserve signals potential interest rate cuts amid slowing inflation data economic analysts predict moderate market growth for the upcoming fiscal quarter,0,Real
NASA James Webb Space Telescope discovers distant exoplanet atmosphere containing water vapor. Astronomers publish findings in peer-reviewed astrophysics journal.,nasa james webb space telescope discovers distant exoplanet atmosphere containing water vapor astronomers publish findings in peer reviewed astrophysics journal,0,Real
Congress passes bipartisan infrastructure bill focusing on highway repairs and renewable energy grid modernization after lengthy senate debate.,congress passes bipartisan infrastructure bill focusing on highway repairs and renewable energy grid modernization after lengthy senate debate,0,Real
World Health Organization releases annual global health report highlighting declining malaria rates in sub-Saharan Africa following new vaccine deployment.,world health organization releases annual global health report highlighting declining malaria rates in sub saharan africa following new vaccine deployment,0,Real
Tech giant announces investment of $10 billion in green energy data centers to meet zero-carbon targets by 2030.,tech giant announces investment of billion in green energy data centers to meet zero carbon targets by,0,Real
European Central Bank maintains key interest rates following quarterly economic evaluation and consumer price index metrics.,european central bank maintains key interest rates following quarterly economic evaluation and consumer price index metrics,0,Real
"Major breakthrough in battery technology reported by university researchers, promising longer range for electric vehicles.",major breakthrough in battery technology reported by university researchers promising longer range for electric vehicles,0,Real
United Nations climate summit concludes with accord signed by 190 nations to reduce methane emissions over next decade.,united nations climate summit concludes with accord signed by nations to reduce methane emissions over next decade,0,Real
Department of Education announces new grants for rural high schools to expand STEM laboratory facilities and vocational training.,department of education announces new grants for rural high schools to expand stem laboratory facilities and vocational training,0,Real
Global supply chains show signs of recovery as port congestion eases and freight shipping rates normalize worldwide.,global supply chains show signs of recovery as port congestion eases and freight shipping rates normalize worldwide,0,Real
Epidemiologists publish study validating effectiveness of seasonal flu vaccination programs across public schools.,epidemiologists publish study validating effectiveness of seasonal flu vaccination programs across public schools,0,Real
State governor signs legislation increasing funding for public transit infrastructure and clean urban transport systems.,state governor signs legislation increasing funding for public transit infrastructure and clean urban transport systems,0,Real
International Space Station crew successfully completes space walk to install upgraded solar array batteries.,international space station crew successfully completes space walk to install upgraded solar array batteries,0,Real
Treasury department issues new guidance regarding corporate tax compliance and international reporting standards.,treasury department issues new guidance regarding corporate tax compliance and international reporting standards,0,Real
National Weather Service issues seasonal forecasting update indicating milder winter conditions across northern states.,national weather service issues seasonal forecasting update indicating milder winter conditions across northern states,0,Real
Federal Reserve signals potential interest rate cuts amid slowing inflation data. Economic analysts predict moderate market growth for the upcoming fiscal quarter.,federal reserve signals potential interest rate cuts amid slowing inflation data economic analysts predict moderate market growth for the upcoming fiscal quarter,0,Real
NASA James Webb Space Telescope discovers distant exoplanet atmosphere containing water vapor. Astronomers publish findings in peer-reviewed astrophysics journal.,nasa james webb space telescope discovers distant exoplanet atmosphere containing water vapor astronomers publish findings in peer reviewed astrophysics journal,0,Real
Congress passes bipartisan infrastructure bill focusing on highway repairs and renewable energy grid modernization after lengthy senate debate.,congress passes bipartisan infrastructure bill focusing on highway repairs and renewable energy grid modernization after lengthy senate debate,0,Real
World Health Organization releases annual global health report highlighting declining malaria rates in sub-Saharan Africa following new vaccine deployment.,world health organization releases annual global health report highlighting declining malaria rates in sub saharan africa following new vaccine deployment,0,Real
Tech giant announces investment of $10 billion in green energy data centers to meet zero-carbon targets by 2030.,tech giant announces investment of billion in green energy data centers to meet zero carbon targets by,0,Real
European Central Bank maintains key interest rates following quarterly economic evaluation and consumer price index metrics.,european central bank maintains key interest rates following quarterly economic evaluation and consumer price index metrics,0,Real
"Major breakthrough in battery technology reported by university researchers, promising longer range for electric vehicles.",major breakthrough in battery technology reported by university researchers promising longer range for electric vehicles,0,Real
United Nations climate summit concludes with accord signed by 190 nations to reduce methane emissions over next decade.,united nations climate summit concludes with accord signed by nations to reduce methane emissions over next decade,0,Real
Department of Education announces new grants for rural high schools to expand STEM laboratory facilities and vocational training.,department of education announces new grants for rural high schools to expand stem laboratory facilities and vocational training,0,Real
Global supply chains show signs of recovery as port congestion eases and freight shipping rates normalize worldwide.,global supply chains show signs of recovery as port congestion eases and freight shipping rates normalize worldwide,0,Real
Epidemiologists publish study validating effectiveness of seasonal flu vaccination programs across public schools.,epidemiologists publish study validating effectiveness of seasonal flu vaccination programs across public schools,0,Real
State governor signs legislation increasing funding for public transit infrastructure and clean urban transport systems.,state governor signs legislation increasing funding for public transit infrastructure and clean urban transport systems,0,Real
International Space Station crew successfully completes space walk to install upgraded solar array batteries.,international space station crew successfully completes space walk to install upgraded solar array batteries,0,Real
Treasury department issues new guidance regarding corporate tax compliance and international reporting standards.,treasury department issues new guidance regarding corporate tax compliance and international reporting standards,0,Real
National Weather Service issues seasonal forecasting update indicating milder winter conditions across northern states.,national weather service issues seasonal forecasting update indicating milder winter conditions across northern states,0,Real
Federal Reserve signals potential interest rate cuts amid slowing inflation data. Economic analysts predict moderate market growth for the upcoming fiscal quarter.,federal reserve signals potential interest rate cuts amid slowing inflation data economic analysts predict moderate market growth for the upcoming fiscal quarter,0,Real
NASA James Webb Space Telescope discovers distant exoplanet atmosphere containing water vapor. Astronomers publish findings in peer-reviewed astrophysics journal.,nasa james webb space telescope discovers distant exoplanet atmosphere containing water vapor astronomers publish findings in peer reviewed astrophysics journal,0,Real
Congress passes bipartisan infrastructure bill focusing on highway repairs and renewable energy grid modernization after lengthy senate debate.,congress passes bipartisan infrastructure bill focusing on highway repairs and renewable energy grid modernization after lengthy senate debate,0,Real
World Health Organization releases annual global health report highlighting declining malaria rates in sub-Saharan Africa following new vaccine deployment.,world health organization releases annual global health report highlighting declining malaria rates in sub saharan africa following new vaccine deployment,0,Real
Tech giant announces investment of $10 billion in green energy data centers to meet zero-carbon targets by 2030.,tech giant announces investment of billion in green energy data centers to meet zero carbon targets by,0,Real
European Central Bank maintains key interest rates following quarterly economic evaluation and consumer price index metrics.,european central bank maintains key interest rates following quarterly economic evaluation and consumer price index metrics,0,Real
"Major breakthrough in battery technology reported by university researchers, promising longer range for electric vehicles.",major breakthrough in battery technology reported by university researchers promising longer range for electric vehicles,0,Real
United Nations climate summit concludes with accord signed by 190 nations to reduce methane emissions over next decade.,united nations climate summit concludes with accord signed by nations to reduce methane emissions over next decade,0,Real
Department of Education announces new grants for rural high schools to expand STEM laboratory facilities and vocational training.,department of education announces new grants for rural high schools to expand stem laboratory facilities and vocational training,0,Real
Global supply chains show signs of recovery as port congestion eases and freight shipping rates normalize worldwide.,global supply chains show signs of recovery as port congestion eases and freight shipping rates normalize worldwide,0,Real
Epidemiologists publish study validating effectiveness of seasonal flu vaccination programs across public schools.,epidemiologists publish study validating effectiveness of seasonal flu vaccination programs across public schools,0,Real
State governor signs legislation increasing funding for public transit infrastructure and clean urban transport systems.,state governor signs legislation increasing funding for public transit infrastructure and clean urban transport systems,0,Real
International Space Station crew successfully completes space walk to install upgraded solar array batteries.,international space station crew successfully completes space walk to install upgraded solar array batteries,0,Real
Treasury department issues new guidance regarding corporate tax compliance and international reporting standards.,treasury department issues new guidance regarding corporate tax compliance and international reporting standards,0,Real
National Weather Service issues seasonal forecasting update indicating milder winter conditions across northern states.,national weather service issues seasonal forecasting update indicating milder winter conditions across northern states,0,Real
Federal Reserve signals potential interest rate cuts amid slowing inflation data. Economic analysts predict moderate market growth for the upcoming fiscal quarter.,federal reserve signals potential interest rate cuts amid slowing inflation data economic analysts predict moderate market growth for the upcoming fiscal quarter,0,Real
NASA James Webb Space Telescope discovers distant exoplanet atmosphere containing water vapor. Astronomers publish findings in peer-reviewed astrophysics journal.,nasa james webb space telescope discovers distant exoplanet atmosphere containing water vapor astronomers publish findings in peer reviewed astrophysics journal,0,Real
Congress passes bipartisan infrastructure bill focusing on highway repairs and renewable energy grid modernization after lengthy senate debate.,congress passes bipartisan infrastructure bill focusing on highway repairs and renewable energy grid modernization after lengthy senate debate,0,Real
World Health Organization releases annual global health report highlighting declining malaria rates in sub-Saharan Africa following new vaccine deployment.,world health organization releases annual global health report highlighting declining malaria rates in sub saharan africa following new vaccine deployment,0,Real
Tech giant announces investment of $10 billion in green energy data centers to meet zero-carbon targets by 2030.,tech giant announces investment of billion in green energy data centers to meet zero carbon targets by,0,Real
European Central Bank maintains key interest rates following quarterly economic evaluation and consumer price index metrics.,european central bank maintains key interest rates following quarterly economic evaluation and consumer price index metrics,0,Real
"Major breakthrough in battery technology reported by university researchers, promising longer range for electric vehicles.",major breakthrough in battery technology reported by university researchers promising longer range for electric vehicles,0,Real
United Nations climate summit concludes with accord signed by 190 nations to reduce methane emissions over next decade.,united nations climate summit concludes with accord signed by nations to reduce methane emissions over next decade,0,Real
Department of Education announces new grants for rural high schools to expand STEM laboratory facilities and vocational training.,department of education announces new grants for rural high schools to expand stem laboratory facilities and vocational training,0,Real
Global supply chains show signs of recovery as port congestion eases and freight shipping rates normalize worldwide.,global supply chains show signs of recovery as port congestion eases and freight shipping rates normalize worldwide,0,Real
Epidemiologists publish study validating effectiveness of seasonal flu vaccination programs across public schools.,epidemiologists publish study validating effectiveness of seasonal flu vaccination programs across public schools,0,Real
State governor signs legislation increasing funding for public transit infrastructure and clean urban transport systems.,state governor signs legislation increasing funding for public transit infrastructure and clean urban transport systems,0,Real
International Space Station crew successfully completes space walk to install upgraded solar array batteries.,international space station crew successfully completes space walk to install upgraded solar array batteries,0,Real
Treasury department issues new guidance regarding corporate tax compliance and international reporting standards.,treasury department issues new guidance regarding corporate tax compliance and international reporting standards,0,Real
National Weather Service issues seasonal forecasting update indicating milder winter conditions across northern states.,national weather service issues seasonal forecasting update indicating milder winter conditions across northern states,0,Real
Federal Reserve signals potential interest rate cuts amid slowing inflation data. Economic analysts predict moderate market growth for the upcoming fiscal quarter.,federal reserve signals potential interest rate cuts amid slowing inflation data economic analysts predict moderate market growth for the upcoming fiscal quarter,0,Real
NASA James Webb Space Telescope discovers distant exoplanet atmosphere containing water vapor. Astronomers publish findings in peer-reviewed astrophysics journal.,nasa james webb space telescope discovers distant exoplanet atmosphere containing water vapor astronomers publish findings in peer reviewed astrophysics journal,0,Real
Congress passes bipartisan infrastructure bill focusing on highway repairs and renewable energy grid modernization after lengthy senate debate.,congress passes bipartisan infrastructure bill focusing on highway repairs and renewable energy grid modernization after lengthy senate debate,0,Real
World Health Organization releases annual global health report highlighting declining malaria rates in sub-Saharan Africa following new vaccine deployment.,world health organization releases annual global health report highlighting declining malaria rates in sub saharan africa following new vaccine deployment,0,Real
Tech giant announces investment of $10 billion in green energy data centers to meet zero-carbon targets by 2030.,tech giant announces investment of billion in green energy data centers to meet zero carbon targets by,0,Real
European Central Bank maintains key interest rates following quarterly economic evaluation and consumer price index metrics.,european central bank maintains key interest rates following quarterly economic evaluation and consumer price index metrics,0,Real
"Major breakthrough in battery technology reported by university researchers, promising longer range for electric vehicles.",major breakthrough in battery technology reported by university researchers promising longer range for electric vehicles,0,Real
United Nations climate summit concludes with accord signed by 190 nations to reduce methane emissions over next decade.,united nations climate summit concludes with accord signed by nations to reduce methane emissions over next decade,0,Real
Department of Education announces new grants for rural high schools to expand STEM laboratory facilities and vocational training.,department of education announces new grants for rural high schools to expand stem laboratory facilities and vocational training,0,Real
Global supply chains show signs of recovery as port congestion eases and freight shipping rates normalize worldwide.,global supply chains show signs of recovery as port congestion eases and freight shipping rates normalize worldwide,0,Real
Epidemiologists publish study validating effectiveness of seasonal flu vaccination programs across public schools.,epidemiologists publish study validating effectiveness of seasonal flu vaccination programs across public schools,0,Real
State governor signs legislation increasing funding for public transit infrastructure and clean urban transport systems.,state governor signs legislation increasing funding for public transit infrastructure and clean urban transport systems,0,Real
International Space Station crew successfully completes space walk to install upgraded solar array batteries.,international space station crew successfully completes space walk to install upgraded solar array batteries,0,Real
Treasury department issues new guidance regarding corporate tax compliance and international reporting standards.,treasury department issues new guidance regarding corporate tax compliance and international reporting standards,0,Real
National Weather Service issues seasonal forecasting update indicating milder winter conditions across northern states.,national weather service issues seasonal forecasting update indicating milder winter conditions across northern states,0,Real
Federal Reserve signals potential interest rate cuts amid slowing inflation data. Economic analysts predict moderate market growth for the upcoming fiscal quarter.,federal reserve signals potential interest rate cuts amid slowing inflation data economic analysts predict moderate market growth for the upcoming fiscal quarter,0,Real
NASA James Webb Space Telescope discovers distant exoplanet atmosphere containing water vapor. Astronomers publish findings in peer-reviewed astrophysics journal.,nasa james webb space telescope discovers distant exoplanet atmosphere containing water vapor astronomers publish findings in peer reviewed astrophysics journal,0,Real
Congress passes bipartisan infrastructure bill focusing on highway repairs and renewable energy grid modernization after lengthy senate debate.,congress passes bipartisan infrastructure bill focusing on highway repairs and renewable energy grid modernization after lengthy senate debate,0,Real
World Health Organization releases annual global health report highlighting declining malaria rates in sub-Saharan Africa following new vaccine deployment.,world health organization releases annual global health report highlighting declining malaria rates in sub saharan africa following new vaccine deployment,0,Real
Tech giant announces investment of $10 billion in green energy data centers to meet zero-carbon targets by 2030.,tech giant announces investment of billion in green energy data centers to meet zero carbon targets by,0,Real
European Central Bank maintains key interest rates following quarterly economic evaluation and consumer price index metrics.,european central bank maintains key interest rates following quarterly economic evaluation and consumer price index metrics,0,Real
"Major breakthrough in battery technology reported by university researchers, promising longer range for electric vehicles.",major breakthrough in battery technology reported by university researchers promising longer range for electric vehicles,0,Real
United Nations climate summit concludes with accord signed by 190 nations to reduce methane emissions over next decade.,united nations climate summit concludes with accord signed by nations to reduce methane emissions over next decade,0,Real
Department of Education announces new grants for rural high schools to expand STEM laboratory facilities and vocational training.,department of education announces new grants for rural high schools to expand stem laboratory facilities and vocational training,0,Real
Global supply chains show signs of recovery as port congestion eases and freight shipping rates normalize worldwide.,global supply chains show signs of recovery as port congestion eases and freight shipping rates normalize worldwide,0,Real
Epidemiologists publish study validating effectiveness of seasonal flu vaccination programs across public schools.,epidemiologists publish study validating effectiveness of seasonal flu vaccination programs across public schools,0,Real
State governor signs legislation increasing funding for public transit infrastructure and clean urban transport systems.,state governor signs legislation increasing funding for public transit infrastructure and clean urban transport systems,0,Real
International Space Station crew successfully completes space walk to install upgraded solar array batteries.,international space station crew successfully completes space walk to install upgraded solar array batteries,0,Real
Treasury department issues new guidance regarding corporate tax compliance and international reporting standards.,treasury department issues new guidance regarding corporate tax compliance and international reporting standards,0,Real
National Weather Service issues seasonal forecasting update indicating milder winter conditions across northern states.,national weather service issues seasonal forecasting update indicating milder winter conditions across northern states,0,Real
Federal Reserve signals potential interest rate cuts amid slowing inflation data. Economic analysts predict moderate market growth for the upcoming fiscal quarter.,federal reserve signals potential interest rate cuts amid slowing inflation data economic analysts predict moderate market growth for the upcoming fiscal quarter,0,Real
NASA James Webb Space Telescope discovers distant exoplanet atmosphere containing water vapor. Astronomers publish findings in peer-reviewed astrophysics journal.,nasa james webb space telescope discovers distant exoplanet atmosphere containing water vapor astronomers publish findings in peer reviewed astrophysics journal,0,Real
Congress passes bipartisan infrastructure bill focusing on highway repairs and renewable energy grid modernization after lengthy senate debate.,congress passes bipartisan infrastructure bill focusing on highway repairs and renewable energy grid modernization after lengthy senate debate,0,Real
World Health Organization releases annual global health report highlighting declining malaria rates in sub-Saharan Africa following new vaccine deployment.,world health organization releases annual global health report highlighting declining malaria rates in sub saharan africa following new vaccine deployment,0,Real
Tech giant announces investment of $10 billion in green energy data centers to meet zero-carbon targets by 2030.,tech giant announces investment of billion in green energy data centers to meet zero carbon targets by,0,Real
European Central Bank maintains key interest rates following quarterly economic evaluation and consumer price index metrics.,european central bank maintains key interest rates following quarterly economic evaluation and consumer price index metrics,0,Real
"Major breakthrough in battery technology reported by university researchers, promising longer range for electric vehicles.",major breakthrough in battery technology reported by university researchers promising longer range for electric vehicles,0,Real
United Nations climate summit concludes with accord signed by 190 nations to reduce methane emissions over next decade.,united nations climate summit concludes with accord signed by nations to reduce methane emissions over next decade,0,Real
Department of Education announces new grants for rural high schools to expand STEM laboratory facilities and vocational training.,department of education announces new grants for rural high schools to expand stem laboratory facilities and vocational training,0,Real
Global supply chains show signs of recovery as port congestion eases and freight shipping rates normalize worldwide.,global supply chains show signs of recovery as port congestion eases and freight shipping rates normalize worldwide,0,Real
Epidemiologists publish study validating effectiveness of seasonal flu vaccination programs across public schools.,epidemiologists publish study validating effectiveness of seasonal flu vaccination programs across public schools,0,Real
State governor signs legislation increasing funding for public transit infrastructure and clean urban transport systems.,state governor signs legislation increasing funding for public transit infrastructure and clean urban transport systems,0,Real
International Space Station crew successfully completes space walk to install upgraded solar array batteries.,international space station crew successfully completes space walk to install upgraded solar array batteries,0,Real
Treasury department issues new guidance regarding corporate tax compliance and international reporting standards.,treasury department issues new guidance regarding corporate tax compliance and international reporting standards,0,Real
National Weather Service issues seasonal forecasting update indicating milder winter conditions across northern states.,national weather service issues seasonal forecasting update indicating milder winter conditions across northern states,0,Real
Federal Reserve signals potential interest rate cuts amid slowing inflation data. Economic analysts predict moderate market growth for the upcoming fiscal quarter.,federal reserve signals potential interest rate cuts amid slowing inflation data economic analysts predict moderate market growth for the upcoming fiscal quarter,0,Real
NASA James Webb Space Telescope discovers distant exoplanet atmosphere containing water vapor. Astronomers publish findings in peer-reviewed astrophysics journal.,nasa james webb space telescope discovers distant exoplanet atmosphere containing water vapor astronomers publish findings in peer reviewed astrophysics journal,0,Real
Congress passes bipartisan infrastructure bill focusing on highway repairs and renewable energy grid modernization after lengthy senate debate.,congress passes bipartisan infrastructure bill focusing on highway repairs and renewable energy grid modernization after lengthy senate debate,0,Real
World Health Organization releases annual global health report highlighting declining malaria rates in sub-Saharan Africa following new vaccine deployment.,world health organization releases annual global health report highlighting declining malaria rates in sub saharan africa following new vaccine deployment,0,Real
Tech giant announces investment of $10 billion in green energy data centers to meet zero-carbon targets by 2030.,tech giant announces investment of billion in green energy data centers to meet zero carbon targets by,0,Real
European Central Bank maintains key interest rates following quarterly economic evaluation and consumer price index metrics.,european central bank maintains key interest rates following quarterly economic evaluation and consumer price index metrics,0,Real
"Major breakthrough in battery technology reported by university researchers, promising longer range for electric vehicles.",major breakthrough in battery technology reported by university researchers promising longer range for electric vehicles,0,Real
United Nations climate summit concludes with accord signed by 190 nations to reduce methane emissions over next decade.,united nations climate summit concludes with accord signed by nations to reduce methane emissions over next decade,0,Real
Department of Education announces new grants for rural high schools to expand STEM laboratory facilities and vocational training.,department of education announces new grants for rural high schools to expand stem laboratory facilities and vocational training,0,Real
Global supply chains show signs of recovery as port congestion eases and freight shipping rates normalize worldwide.,global supply chains show signs of recovery as port congestion eases and freight shipping rates normalize worldwide,0,Real
Epidemiologists publish study validating effectiveness of seasonal flu vaccination programs across public schools.,epidemiologists publish study validating effectiveness of seasonal flu vaccination programs across public schools,0,Real
State governor signs legislation increasing funding for public transit infrastructure and clean urban transport systems.,state governor signs legislation increasing funding for public transit infrastructure and clean urban transport systems,0,Real
International Space Station crew successfully completes space walk to install upgraded solar array batteries.,international space station crew successfully completes space walk to install upgraded solar array batteries,0,Real
Treasury department issues new guidance regarding corporate tax compliance and international reporting standards.,treasury department issues new guidance regarding corporate tax compliance and international reporting standards,0,Real
National Weather Service issues seasonal forecasting update indicating milder winter conditions across northern states.,national weather service issues seasonal forecasting update indicating milder winter conditions across northern states,0,Real
Federal Reserve signals potential interest rate cuts amid slowing inflation data. Economic analysts predict moderate market growth for the upcoming fiscal quarter.,federal reserve signals potential interest rate cuts amid slowing inflation data economic analysts predict moderate market growth for the upcoming fiscal quarter,0,Real
NASA James Webb Space Telescope discovers distant exoplanet atmosphere containing water vapor. Astronomers publish findings in peer-reviewed astrophysics journal.,nasa james webb space telescope discovers distant exoplanet atmosphere containing water vapor astronomers publish findings in peer reviewed astrophysics journal,0,Real
Congress passes bipartisan infrastructure bill focusing on highway repairs and renewable energy grid modernization after lengthy senate debate.,congress passes bipartisan infrastructure bill focusing on highway repairs and renewable energy grid modernization after lengthy senate debate,0,Real
World Health Organization releases annual global health report highlighting declining malaria rates in sub-Saharan Africa following new vaccine deployment.,world health organization releases annual global health report highlighting declining malaria rates in sub saharan africa following new vaccine deployment,0,Real
Tech giant announces investment of $10 billion in green energy data centers to meet zero-carbon targets by 2030.,tech giant announces investment of billion in green energy data centers to meet zero carbon targets by,0,Real
European Central Bank maintains key interest rates following quarterly economic evaluation and consumer price index metrics.,european central bank maintains key interest rates following quarterly economic evaluation and consumer price index metrics,0,Real
"Major breakthrough in battery technology reported by university researchers, promising longer range for electric vehicles.",major breakthrough in battery technology reported by university researchers promising longer range for electric vehicles,0,Real
United Nations climate summit concludes with accord signed by 190 nations to reduce methane emissions over next decade.,united nations climate summit concludes with accord signed by nations to reduce methane emissions over next decade,0,Real
Department of Education announces new grants for rural high schools to expand STEM laboratory facilities and vocational training.,department of education announces new grants for rural high schools to expand stem laboratory facilities and vocational training,0,Real
Global supply chains show signs of recovery as port congestion eases and freight shipping rates normalize worldwide.,global supply chains show signs of recovery as port congestion eases and freight shipping rates normalize worldwide,0,Real
Epidemiologists publish study validating effectiveness of seasonal flu vaccination programs across public schools.,epidemiologists publish study validating effectiveness of seasonal flu vaccination programs across public schools,0,Real
State governor signs legislation increasing funding for public transit infrastructure and clean urban transport systems.,state governor signs legislation increasing funding for public transit infrastructure and clean urban transport systems,0,Real
International Space Station crew successfully completes space walk to install upgraded solar array batteries.,international space station crew successfully completes space walk to install upgraded solar array batteries,0,Real
Treasury department issues new guidance regarding corporate tax compliance and international reporting standards.,treasury department issues new guidance regarding corporate tax compliance and international reporting standards,0,Real
National Weather Service issues seasonal forecasting update indicating milder winter conditions across northern states.,national weather service issues seasonal forecasting update indicating milder winter conditions across northern states,0,Real
Federal Reserve signals potential interest rate cuts amid slowing inflation data. Economic analysts predict moderate market growth for the upcoming fiscal quarter.,federal reserve signals potential interest rate cuts amid slowing inflation data economic analysts predict moderate market growth for the upcoming fiscal quarter,0,Real
NASA James Webb Space Telescope discovers distant exoplanet atmosphere containing water vapor. Astronomers publish findings in peer-reviewed astrophysics journal.,nasa james webb space telescope discovers distant exoplanet atmosphere containing water vapor astronomers publish findings in peer reviewed astrophysics journal,0,Real
Congress passes bipartisan infrastructure bill focusing on highway repairs and renewable energy grid modernization after lengthy senate debate.,congress passes bipartisan infrastructure bill focusing on highway repairs and renewable energy grid modernization after lengthy senate debate,0,Real
World Health Organization releases annual global health report highlighting declining malaria rates in sub-Saharan Africa following new vaccine deployment.,world health organization releases annual global health report highlighting declining malaria rates in sub saharan africa following new vaccine deployment,0,Real
Tech giant announces investment of $10 billion in green energy data centers to meet zero-carbon targets by 2030.,tech giant announces investment of billion in green energy data centers to meet zero carbon targets by,0,Real
European Central Bank maintains key interest rates following quarterly economic evaluation and consumer price index metrics.,european central bank maintains key interest rates following quarterly economic evaluation and consumer price index metrics,0,Real
"Major breakthrough in battery technology reported by university researchers, promising longer range for electric vehicles.",major breakthrough in battery technology reported by university researchers promising longer range for electric vehicles,0,Real
United Nations climate summit concludes with accord signed by 190 nations to reduce methane emissions over next decade.,united nations climate summit concludes with accord signed by nations to reduce methane emissions over next decade,0,Real
Department of Education announces new grants for rural high schools to expand STEM laboratory facilities and vocational training.,department of education announces new grants for rural high schools to expand stem laboratory facilities and vocational training,0,Real
Global supply chains show signs of recovery as port congestion eases and freight shipping rates normalize worldwide.,global supply chains show signs of recovery as port congestion eases and freight shipping rates normalize worldwide,0,Real
Epidemiologists publish study validating effectiveness of seasonal flu vaccination programs across public schools.,epidemiologists publish study validating effectiveness of seasonal flu vaccination programs across public schools,0,Real
State governor signs legislation increasing funding for public transit infrastructure and clean urban transport systems.,state governor signs legislation increasing funding for public transit infrastructure and clean urban transport systems,0,Real
International Space Station crew successfully completes space walk to install upgraded solar array batteries.,international space station crew successfully completes space walk to install upgraded solar array batteries,0,Real
Treasury department issues new guidance regarding corporate tax compliance and international reporting standards.,treasury department issues new guidance regarding corporate tax compliance and international reporting standards,0,Real
National Weather Service issues seasonal forecasting update indicating milder winter conditions across northern states.,national weather service issues seasonal forecasting update indicating milder winter conditions across northern states,0,Real
